Text_ID,English,French,German,Spanish,Italian,Portuguese,Japanese,Korean,Chinese_Simplified,Chinese_Traditional,Thai
CategoryAdvanced,ğŸ”§ Advanced,ğŸ”§ AvancÃ©,ğŸ”§ Fortgeschritten,ğŸ”§ Avanzado,ğŸ”§ Avanzato,ğŸ”§ AvanÃ§ado,ğŸ”§ ä¸Šç´š,ğŸ”§ ê³ ê¸‰,ğŸ”§ é«˜çº§,ğŸ”§ é«˜ç´š,ğŸ”§ à¸‚à¸±à¹‰à¸™à¸ªà¸¹à¸‡
CategoryCustomBasic,â–º Basic Kill,â–º Attaque de base,â–º Standardkill,â–º Muerte bÃ¡sica,â–º Uccisione di base,â–º EliminaÃ§Ã£o BÃ¡sica,â–º åŸºæœ¬çš„ãªã‚­ãƒ«,â–º ê¸°ë³¸ ì²˜ì¹˜,â–º åŸºæœ¬å‡»æ€,â–º åŸºæœ¬æ“Šæ®º,â–º à¸à¸²à¸£à¸ªà¸±à¸‡à¸«à¸²à¸£à¸‚à¸±à¹‰à¸™à¸à¸·à¹‰à¸™à¸à¸²à¸™
CategoryCustomCritical,â–º Critical Kill,â–º Coup critique,â–º Kritischer Treffer,â–º Muerte crÃ­tica,â–º Uccisione critica,â–º Morte CrÃ­tica,â–º ã‚¯ãƒªãƒ†ã‚£ã‚«ãƒ«ã‚­ãƒ«,â–º ì¹˜ëª…íƒ€,â–º è‡´å‘½ä¸€å‡»,â–º è‡´å‘½ä¸€æ“Š,â–º à¸ªà¸±à¸‡à¸«à¸²à¸£à¸­à¸¢à¹ˆà¸²à¸‡à¹€à¸”à¹‡à¸”à¸‚à¸²à¸”
CategoryCustomDecapitation,â–º Decapitation,â–º DÃ©capitation,â–º Enthauptung,â–º DecapitaciÃ³n,â–º Decapitazione,â–º DecapitaÃ§Ã£o,â–º æ–¬é¦–,â–º ì°¸ìˆ˜,â–º æ–©é¦–,â–º æ–¬é¦–,â–º à¸à¸²à¸£à¸•à¸±à¸”à¸«à¸±à¸§
CategoryCustomDismemberment,â–º Dismemberment,â–º DÃ©membrement,â–º ZerstÃ¼ckelung,â–º Desmembramiento,â–º Smembramento,â–º Desmembramento,â–º åˆ‡æ–­,â–º ì‚¬ì§€ ì ˆë‹¨,â–ºè‚¢è§£,â–ºè‚¢è§£,â–º à¸à¸²à¸£à¸•à¸±à¸”à¹à¸‚à¸™à¸•à¸±à¸”à¸‚à¸²
CategoryCustomLastEnemy,â–º Last Enemy,â–º Dernier ennemi,â–º Letzter Feind,â–º Ãšltimo enemigo,â–º Ultimo nemico,â–º Ãšltimo Inimigo,â–º æœ€å¾Œã®æ•µ,â–º ë§ˆì§€ë§‰ ì ,â–º æœ€åçš„æ•Œäºº,â–º æœ€å¾Œçš„æ•µäºº,â–º à¸¨à¸±à¸•à¸£à¸¹à¸•à¸±à¸§à¸ªà¸¸à¸”à¸—à¹‰à¸²à¸¢
CategoryCustomLastStand,â–º Last Stand,â–º Dernier rempart,â–º Letzter Widerstand,â–º Ãšltima resistencia,â–º Ultima resistenza,â–º Ãšltima ResistÃªncia,â–º ãƒ©ã‚¹ãƒˆã‚¹ã‚¿ãƒ³ãƒ‰,â–º ìµœí›„ì˜ ì €í•­,â–º æœ€åçš„æŠµæŠ—,â–º æœ€å¾Œçš„æŠµæŠ—,â–º à¸à¸²à¸£à¸•à¹ˆà¸­à¸ªà¸¹à¹‰à¸„à¸£à¸±à¹‰à¸‡à¸ªà¸¸à¸”à¸—à¹‰à¸²à¸¢
CategoryCustomParry,â–º Parry,â–º Parry,â–º Parieren,â–º Parada,â–º Parare,â–º Aparar,â–º ãƒ‘ãƒªãƒ¼,â–º íŒ¨ë¦¬,â–º æ ¼æŒ¡,â–º æ ¼æ“‹,â–º à¹à¸à¸£à¹Œà¸£à¸µà¹ˆ
CategoryDamageMultipliers,âš– Damage Modifiers,âš– Modificateurs de dÃ©gÃ¢ts,âš– Schadensmodifikatoren,âš– Modificadores de daÃ±o,âš– Modificatori di danno,âš– Modificadores de Dano,âš– ãƒ€ãƒ¡ãƒ¼ã‚¸è£œæ­£,âš– í”¼í•´ ìˆ˜ì •ì¹˜,âš– ä¼¤å®³ä¿®æ­£,âš– å‚·å®³ä¿®æ­£,âš– à¸•à¸±à¸§à¸›à¸£à¸±à¸šà¸„à¹ˆà¸²à¸„à¸§à¸²à¸¡à¹€à¸ªà¸µà¸¢à¸«à¸²à¸¢
CategoryPresetSelection,âš™ Quick Setup,âš™ Configuration rapide,âš™ Schnelle Einrichtung,âš™ ConfiguraciÃ³n rÃ¡pida,âš™ Configurazione rapida,âš™ ConfiguraÃ§Ã£o rÃ¡pida,âš™ ã‚¯ã‚¤ãƒƒã‚¯ã‚»ãƒƒãƒˆã‚¢ãƒƒãƒ—,âš™ ë¹ ë¥¸ ì„¤ì¹˜,âš™ å¿«é€Ÿè®¾ç½®,âš™ å¿«é€Ÿè¨­å®š,âš™ à¸•à¸±à¹‰à¸‡à¸„à¹ˆà¸²à¸­à¸¢à¹ˆà¸²à¸‡à¸£à¸§à¸”à¹€à¸£à¹‡à¸§
CategoryTriggers,âš¡ Triggers,âš¡ DÃ©clencheurs,âš¡ AuslÃ¶ser,âš¡ Desencadenantes,âš¡ Trigger,âš¡ Gatilhos,âš¡ ãƒˆãƒªã‚¬ãƒ¼,âš¡ íŠ¸ë¦¬ê±°,âš¡ è§¦å‘å™¨,âš¡ è§¸ç™¼å™¨,âš¡ à¸•à¸±à¸§à¸à¸£à¸°à¸•à¸¸à¹‰à¸™
ChanceDefault,Default,DÃ©faut,Standard,Por defecto,Predefinito,PadrÃ£o,ãƒ‡ãƒ•ã‚©ãƒ«ãƒˆ,ê¸°ë³¸,é»˜è®¤,é è¨­,à¸„à¹ˆà¸²à¹€à¸£à¸´à¹ˆà¸¡à¸•à¹‰à¸™
ChanceFrequent,Frequent,FrÃ©quent,HÃ¤ufig,Frecuente,Frequente,FreqÃ¼ente,é »ç¹,ì¦ì€,é¢‘ç¹,é »ç¹,à¸šà¹ˆà¸­à¸¢
ChanceOff,Off (Cooldown Only),DÃ©sactivÃ© (Temps de refroidissement uniquement),Aus (nur AbkÃ¼hlphase),Desactivado (solo tiempo de reutilizaciÃ³n),Disattivato (solo raffreddamento),Desligado (somente durante o resfriamento),ã‚ªãƒ•ï¼ˆã‚¯ãƒ¼ãƒ«ãƒ€ã‚¦ãƒ³ã®ã¿ï¼‰,êº¼ì§ (ëƒ‰ê° ì‹œê°„ ë™ì•ˆë§Œ),å…³é—­ï¼ˆä»…å†·å´ï¼‰,é—œé–‰ï¼ˆåƒ…å†·å»ï¼‰,à¸›à¸´à¸” (à¹€à¸‰à¸à¸²à¸°à¸Šà¹ˆà¸§à¸‡à¸„à¸¹à¸¥à¸”à¸²à¸§à¸™à¹Œ)
ChanceRare,Rare,Rare,Selten,ExtraÃ±o,Raro,Cru,ãƒ¬ã‚¢,í¬ê·€í•œ,ç¨€æœ‰çš„,ç¨€æœ‰çš„,à¸«à¸²à¸¢à¸²à¸
ChanceVeryRare,Very Rare,TrÃ¨s rare,Sehr selten,Muy raro,Molto raro,Muito raro,éå¸¸ã«ã¾ã‚Œ,ë§¤ìš° í¬ê·€í•¨,éå¸¸ç½•è§,éå¸¸ç½•è¦‹,à¸«à¸²à¸¢à¸²à¸à¸¡à¸²à¸
CooldownDefault,Default,DÃ©faut,Standard,Por defecto,Predefinito,PadrÃ£o,ãƒ‡ãƒ•ã‚©ãƒ«ãƒˆ,ê¸°ë³¸,é»˜è®¤,é è¨­,à¸„à¹ˆà¸²à¹€à¸£à¸´à¹ˆà¸¡à¸•à¹‰à¸™
CooldownExtended,Extended,Ã‰tendu,Erweitert,Extendido,Esteso,Estendido,æ‹¡å¼µ,í¼ì¹œ,æ‰©å±•,æ“´å……,à¸‚à¸¢à¸²à¸¢
CooldownLong,Long,Long,Lang,Largo,Lungo,Longo,é•·ã•,ê¸´,é•¿çš„,é•·çš„,à¸¢à¸²à¸§
CooldownOff,Off (No Cooldown),DÃ©sactivÃ© (sans dÃ©lai de rÃ©cupÃ©ration),Aus (Keine Abklingzeit),Apagado (sin tiempo de reutilizaciÃ³n),Spento (nessun tempo di recupero),Desligado (Sem tempo de recarga),ã‚ªãƒ•ï¼ˆã‚¯ãƒ¼ãƒ«ãƒ€ã‚¦ãƒ³ãªã—ï¼‰,êº¼ì§ (ì¬ì‚¬ìš© ëŒ€ê¸°ì‹œê°„ ì—†ìŒ),å…³é—­ï¼ˆæ— å†·å´æ—¶é—´ï¼‰,é—œé–‰ï¼ˆç„¡å†·å»æ™‚é–“ï¼‰,à¸›à¸´à¸” (à¹„à¸¡à¹ˆà¸¡à¸µà¸£à¸°à¸¢à¸°à¹€à¸§à¸¥à¸²à¸„à¸¹à¸¥à¸”à¸²à¸§à¸™à¹Œ)
CooldownShort,Short,Court,Kurz,Corto,Corto,Curto,çŸ­ã„,ì§§ì€,çŸ­çš„,çŸ­çš„,à¸ªà¸±à¹‰à¸™
DurationDefault,Default,DÃ©faut,Standard,Por defecto,Predefinito,PadrÃ£o,ãƒ‡ãƒ•ã‚©ãƒ«ãƒˆ,ê¸°ë³¸,é»˜è®¤,é è¨­,à¸„à¹ˆà¸²à¹€à¸£à¸´à¹ˆà¸¡à¸•à¹‰à¸™
DurationExtended,Extended,Ã‰tendu,Erweitert,Extendido,Esteso,Estendido,æ‹¡å¼µ,í¼ì¹œ,æ‰©å±•,æ“´å……,à¸‚à¸¢à¸²à¸¢
DurationLong,Long,Long,Lang,Largo,Lungo,Longo,é•·ã•,ê¸´,é•¿çš„,é•·çš„,à¸¢à¸²à¸§
DurationShort,Short,Court,Kurz,Corto,Corto,Curto,çŸ­ã„,ì§§ì€,çŸ­çš„,çŸ­çš„,à¸ªà¸±à¹‰à¸™
DurationVeryShort,Very Short,TrÃ¨s court,Sehr kurz,Muy corto,Molto breve,Muito curto,éå¸¸ã«çŸ­ã„,ì•„ì£¼ ì§§ì€,éå¸¸çŸ­,éå¸¸çŸ­,à¸ªà¸±à¹‰à¸™à¸¡à¸²à¸
EasingLinear,Linear,LinÃ©aire,Linear,Lineal,Lineare,Linear,ãƒªãƒ‹ã‚¢,ì„ ì˜,çº¿æ€§,ç·šæ€§,à¹€à¸Šà¸´à¸‡à¹€à¸ªà¹‰à¸™
EasingOff,Off,DÃ©sactivÃ©,Aus,Apagado,Spento,Desligado,ã‚ªãƒ•,ë„ë‹¤,ç¦»å¼€,é›¢é–‹,à¸›à¸´à¸”
EasingSmoothstep,Smoothstep,Smoothstep,Smoothstep,Paso suave,Passo liscio,Passo suave,ã‚¹ãƒ ãƒ¼ã‚ºã‚¹ãƒ†ãƒƒãƒ—,ìŠ¤ë¬´ìŠ¤ìŠ¤í…,Smoothstep,Smoothstep,à¸ªà¸¡à¸¹à¸—à¸ªà¹€à¸•à¹‡à¸›
OptionBasicChance,Basic Chance,Chance de base,Grundlegende Chance,Oportunidad bÃ¡sica,ProbabilitÃ  di base,Chance bÃ¡sica,åŸºæœ¬ãƒãƒ£ãƒ³ã‚¹,ê¸°ë³¸ í™•ë¥ ,åŸºæœ¬æœºä¼š,åŸºæœ¬æ©Ÿæœƒ,à¹‚à¸­à¸à¸²à¸ªà¸à¸·à¹‰à¸™à¸à¸²à¸™
OptionBasicCooldown,Basic Cooldown,Temps de recharge de base,Grundlegende Abklingzeit,Enfriamiento bÃ¡sico,Tempo di recupero di base,Recarga bÃ¡sica,åŸºæœ¬ã‚¯ãƒ¼ãƒ«ãƒ€ã‚¦ãƒ³,ê¸°ë³¸ ì¿¨ë‹¤ìš´,åŸºç¡€å†·å´æ—¶é—´,åŸºç¤å†·å»æ™‚é–“,à¸„à¸¹à¸¥à¸”à¸²à¸§à¸™à¹Œà¸à¸·à¹‰à¸™à¸à¸²à¸™
OptionBasicDuration,Basic Duration,DurÃ©e de base,Grunddauer,DuraciÃ³n bÃ¡sica,Durata di base,DuraÃ§Ã£o bÃ¡sica,åŸºæœ¬æœŸé–“,ê¸°ë³¸ ê¸°ê°„,åŸºæœ¬æ—¶é•¿,åŸºæœ¬æ™‚é•·,à¸£à¸°à¸¢à¸°à¹€à¸§à¸¥à¸²à¸à¸·à¹‰à¸™à¸à¸²à¸™
OptionBasicTimeScale,Basic Time Scale,Ã‰chelle de temps de base,Grundlegende Zeitskala,Escala de tiempo bÃ¡sica,Scala temporale di base,Escala de tempo bÃ¡sica,åŸºæœ¬çš„ãªæ™‚é–“ã‚¹ã‚±ãƒ¼ãƒ«,ê¸°ë³¸ ì‹œê°„ ì²™ë„,åŸºæœ¬æ—¶é—´å°ºåº¦,åŸºæœ¬æ™‚é–“å°ºåº¦,à¸¡à¸²à¸•à¸£à¸²à¹€à¸§à¸¥à¸²à¸à¸·à¹‰à¸™à¸à¸²à¸™
OptionBasicTransition,Basic Transition,Transition de base,Grundlegender Ãœbergang,TransiciÃ³n bÃ¡sica,Transizione di base,TransiÃ§Ã£o bÃ¡sica,åŸºæœ¬çš„ãªç§»è¡Œ,ê¸°ë³¸ ì „í™˜,åŸºæœ¬è¿‡æ¸¡,åŸºæœ¬éæ¸¡,à¸à¸²à¸£à¹€à¸›à¸¥à¸µà¹ˆà¸¢à¸™à¸œà¹ˆà¸²à¸™à¸‚à¸±à¹‰à¸™à¸à¸·à¹‰à¸™à¸à¸²à¸™
OptionBluntMultiplier,Blunt Multiplier,Multiplicateur Ã©moussÃ©,Stumpfer Multiplikator,Multiplicador contundente,Moltiplicatore smussato,Multiplicador de Blont,éˆã„ä¹—æ•°,ë‘”í•œ ë°°ìœ¨,é’åŒ–å€å¢å™¨,éˆåŒ–å€å¢å™¨,à¸•à¸±à¸§à¸„à¸¹à¸“à¸—à¸·à¹ˆà¸­
OptionChancePreset,Chance Preset,PrÃ©rÃ©glage Chance,Chance-Voreinstellung,Ajuste preestablecido de oportunidad,Preimpostazione casuale,PredefiniÃ§Ã£o de chance,ãƒãƒ£ãƒ³ã‚¹ãƒ—ãƒªã‚»ãƒƒãƒˆ,í™•ë¥  ì‚¬ì „ ì„¤ì •,æœºä¼šé¢„è®¾,æ©Ÿæœƒé è¨­,à¸„à¹ˆà¸²à¸—à¸µà¹ˆà¸•à¸±à¹‰à¸‡à¹„à¸§à¹‰à¸¥à¹ˆà¸§à¸‡à¸«à¸™à¹‰à¸²à¸‚à¸­à¸‡à¹‚à¸­à¸à¸²à¸ª
OptionCooldownPreset,Cooldown Preset,PrÃ©rÃ©glage de temps de recharge,Abklingzeit-Voreinstellung,Preajuste de enfriamiento,Preimpostazione di raffreddamento,ConfiguraÃ§Ã£o de resfriamento,ã‚¯ãƒ¼ãƒ«ãƒ€ã‚¦ãƒ³ãƒ—ãƒªã‚»ãƒƒãƒˆ,ì¿¨ë‹¤ìš´ ì‚¬ì „ ì„¤ì •,å†·å´é¢„è®¾,å†·å»é è¨­,à¸„à¹ˆà¸²à¸—à¸µà¹ˆà¸•à¸±à¹‰à¸‡à¹„à¸§à¹‰à¸¥à¹ˆà¸§à¸‡à¸«à¸™à¹‰à¸²à¸ªà¸³à¸«à¸£à¸±à¸šà¸„à¸¹à¸¥à¸”à¸²à¸§à¸™à¹Œ
OptionCriticalChance,Critical Chance,Chance critique,Kritische Chance,Oportunidad crÃ­tica,PossibilitÃ  critica,Chance CrÃ­tica,ã‚¯ãƒªãƒ†ã‚£ã‚«ãƒ«ãƒãƒ£ãƒ³ã‚¹,ì¹˜ëª…íƒ€ í™•ë¥ ,æš´å‡»å‡ ç‡,æš´æ“Šå¹¾ç‡,à¹‚à¸­à¸à¸²à¸ªà¸§à¸´à¸à¸¤à¸•à¸´
OptionCriticalCooldown,Critical Cooldown,Temps de recharge critique,Kritische Abklingzeit,Tiempo de reutilizaciÃ³n crÃ­tico,Tempo di recupero critico,Recarga crÃ­tica,ã‚¯ãƒªãƒ†ã‚£ã‚«ãƒ«ã‚¯ãƒ¼ãƒ«ãƒ€ã‚¦ãƒ³,ì¹˜ëª…íƒ€ ì¿¨ë‹¤ìš´,å…³é”®å†·å´æ—¶é—´,é—œéµå†·å»æ™‚é–“,à¸„à¸¹à¸¥à¸”à¸²à¸§à¸™à¹Œà¸§à¸´à¸à¸¤à¸•
OptionCriticalDuration,Critical Duration,DurÃ©e critique,Kritische Dauer,DuraciÃ³n crÃ­tica,Durata critica,DuraÃ§Ã£o crÃ­tica,ã‚¯ãƒªãƒ†ã‚£ã‚«ãƒ«æŒç¶šæ™‚é–“,ì„ê³„ ì§€ì† ì‹œê°„,ä¸´ç•ŒæŒç»­æ—¶é—´,è‡¨ç•ŒæŒçºŒæ™‚é–“,à¸£à¸°à¸¢à¸°à¹€à¸§à¸¥à¸²à¸§à¸´à¸à¸¤à¸•
OptionCriticalTimeScale,Critical Time Scale,Ã‰chelle de temps critique,Kritische Zeitskala,Escala de tiempo crÃ­tica,Scala temporale critica,Escala de tempo crÃ­tica,é‡è¦ãªæ™‚é–“ã‚¹ã‚±ãƒ¼ãƒ«,ì„ê³„ ì‹œê°„ ì²™ë„,ä¸´ç•Œæ—¶é—´å°ºåº¦,è‡¨ç•Œæ™‚é–“å°ºåº¦,à¸¡à¸²à¸•à¸£à¸²à¹€à¸§à¸¥à¸²à¸§à¸´à¸à¸¤à¸•
OptionCriticalTransition,Critical Transition,Transition critique,Kritischer Ãœbergang,TransiciÃ³n crÃ­tica,Transizione critica,TransiÃ§Ã£o CrÃ­tica,é‡è¦ãªç§»è¡Œ,ì„ê³„ ì „í™˜,å…³é”®è¿‡æ¸¡,é—œéµéæ¸¡,à¸à¸²à¸£à¹€à¸›à¸¥à¸µà¹ˆà¸¢à¸™à¸œà¹ˆà¸²à¸™à¸—à¸µà¹ˆà¸ªà¸³à¸„à¸±à¸
OptionDOTMultiplier,DOT Multiplier,Multiplicateur DOT,DOT-Multiplikator,Multiplicador DOT,Moltiplicatore DOT,Multiplicador DOT,DOTä¹—æ•°,ë„íŠ¸ ìŠ¹ìˆ˜,ç‚¹ä¹˜æ•°,é»ä¹˜æ•¸,à¸•à¸±à¸§à¸„à¸¹à¸“à¸”à¸­à¸—
OptionDebugLogging,Debug Logging,Journalisation de dÃ©bogage,Debug-Protokollierung,Registro de depuraciÃ³n,Registrazione di debug,Registro de depuraÃ§Ã£o,ãƒ‡ãƒãƒƒã‚°ãƒ­ã‚°,ë””ë²„ê·¸ ë¡œê¹…,è°ƒè¯•æ—¥å¿—,åµéŒ¯æ—¥èªŒ,à¸à¸²à¸£à¸šà¸±à¸™à¸—à¸¶à¸à¸‚à¹‰à¸­à¸¡à¸¹à¸¥à¸à¸²à¸£à¹à¸à¹‰à¹„à¸‚à¸‚à¹‰à¸­à¸œà¸´à¸”à¸à¸¥à¸²à¸”
OptionDebugOverlay,Debug Overlay,Superposition de dÃ©bogage,Debug-Overlay,SuperposiciÃ³n de depuraciÃ³n,Sovrapposizione di debug,SobreposiÃ§Ã£o de depuraÃ§Ã£o,ãƒ‡ãƒãƒƒã‚°ã‚ªãƒ¼ãƒãƒ¼ãƒ¬ã‚¤,ë””ë²„ê·¸ ì˜¤ë²„ë ˆì´,è°ƒè¯•å åŠ å±‚,èª¿è©¦ç–ŠåŠ å±¤,à¹‚à¸­à¹€à¸§à¸­à¸£à¹Œà¹€à¸¥à¸¢à¹Œà¸”à¸µà¸šà¸±à¸
OptionDecapChance,Decap Chance,Chance de dÃ©capitation,Chance auf Enthauptung,Probabilidad de decapitar,PossibilitÃ  di decapaggio,Chance de Decapitar,ãƒ‡ã‚­ãƒ£ãƒƒãƒ—ãƒãƒ£ãƒ³ã‚¹,ë°ìº¡ ì°¬ìŠ¤,æ–©é¦–æœºä¼š,æ–¬é¦–æ©Ÿæœƒ,à¹€à¸”à¹à¸„à¸› à¹à¸Šà¸™à¸‹à¹Œ
OptionDecapCooldown,Decap Cooldown,Temps de recharge de dÃ©capitation,Entkappungs-Abklingzeit,Tiempo de reutilizaciÃ³n de decap,Tempo di recupero della decapsulazione,Recarga de DecapitaÃ§Ã£o,ãƒ‡ã‚­ãƒ£ãƒƒãƒ—ã‚¯ãƒ¼ãƒ«ãƒ€ã‚¦ãƒ³,ë°ìº¡ ì¿¨ë‹¤ìš´,æ–©é¦–å†·å´,æ–¬é¦–å†·å»,à¸„à¸¹à¸¥à¸”à¸²à¸§à¸™à¹Œà¸à¸²à¸£à¸–à¸­à¸”à¸«à¸±à¸§
OptionDecapDuration,Decap Duration,DurÃ©e de dÃ©capitation,Decap-Dauer,DuraciÃ³n de la descapulaciÃ³n,Durata della decapsulazione,DuraÃ§Ã£o da DecapitaÃ§Ã£o,ãƒ‡ã‚­ãƒ£ãƒƒãƒ—æœŸé–“,ë””ìº¡ ì§€ì† ì‹œê°„,æ–©é¦–æŒç»­æ—¶é—´,æ–¬é¦–æŒçºŒæ™‚é–“,à¸£à¸°à¸¢à¸°à¹€à¸§à¸¥à¸²à¸à¸²à¸£à¸•à¸±à¸”à¸«à¸±à¸§
OptionDecapTimeScale,Decap Time Scale,Ã‰chelle de temps de dÃ©capitation,Decap-Zeitskala,Escala de tiempo de descapulaciÃ³n,Scala temporale di decapaggio,Escala de tempo Decap,ãƒ‡ã‚­ãƒ£ãƒƒãƒ—æ™‚é–“ã‚¹ã‚±ãƒ¼ãƒ«,ë””ìº¡ ì‹œê°„ ì²™ë„,æ–©é¦–æ—¶é—´å°ºåº¦,æ–¬é¦–æ™‚é–“å°ºåº¦,à¸¡à¸²à¸•à¸£à¸²à¹€à¸§à¸¥à¸²à¸•à¸±à¸”à¸«à¸±à¸§
OptionDecapTransition,Decap Transition,Transition de dÃ©capitation,Decap-Ãœbergang,TransiciÃ³n de decap,Transizione Decap,TransiÃ§Ã£o Decap,ãƒ‡ã‚­ãƒ£ãƒƒãƒ—ç§»è¡Œ,ë””ìº¡ ì „í™˜,è„±å¸½è¿‡æ¸¡,è„«å¸½éæ¸¡,à¸à¸²à¸£à¹€à¸›à¸¥à¸µà¹ˆà¸¢à¸™à¸œà¹ˆà¸²à¸™à¹à¸šà¸š Decap
OptionDismemberChance,Dismember Chance,DÃ©membrer Chance,Chance zerreiÃŸen,Desmembrar la oportunidad,Smembrare la possibilitÃ ,Desmembrar Chance,å››è‚¢åˆ‡æ–­ã®ãƒãƒ£ãƒ³ã‚¹,ë””ìŠ¤ë©¤ë²„ ì°¬ìŠ¤,è‚¢è§£æœºä¼š,è‚¢è§£æ©Ÿæœƒ,à¹‚à¸­à¸à¸²à¸ªà¸—à¸µà¹ˆà¸­à¸§à¸±à¸¢à¸§à¸°à¸ˆà¸°à¸‚à¸²à¸”
OptionDismemberCooldown,Dismember Cooldown,Temps de recharge de dÃ©membrement,ZerstÃ¼ckeln-Abklingzeit,Desmembrar tiempo de reutilizaciÃ³n,Tempo di recupero dello smembramento,Tempo de Recarga de Desmembramento,åˆ‡æ–­ã‚¯ãƒ¼ãƒ«ãƒ€ã‚¦ãƒ³,ì‚¬ì§€ ì ˆë‹¨ ì¿¨ë‹¤ìš´,è‚¢è§£å†·å´,è‚¢è§£å†·å»,à¸„à¸¹à¸¥à¸”à¸²à¸§à¸™à¹Œà¸à¸²à¸£à¸•à¸±à¸”à¹à¸‚à¸™à¸‚à¸²
OptionDismemberDuration,Dismember Duration,DurÃ©e du dÃ©membrement,Dauer der ZerstÃ¼ckelung,DuraciÃ³n del desmembramiento,Durata dello smembramento,DuraÃ§Ã£o do desmembramento,åˆ‡æ–­æŒç¶šæ™‚é–“,í•´ì²´ ê¸°ê°„,è‚¢è§£æŒç»­æ—¶é—´,è‚¢è§£æŒçºŒæ™‚é–“,à¸£à¸°à¸¢à¸°à¹€à¸§à¸¥à¸²à¸à¸²à¸£à¸•à¸±à¸”à¹à¸‚à¸™à¸‚à¸²
OptionDismemberTimeScale,Dismember Time Scale,Ã‰chelle de temps de dÃ©membrement,Zeitlicher Ablauf der ZerstÃ¼ckelung,Escala de tiempo de desmembramiento,Scala temporale di smembramento,Escala de tempo de desmembramento,ã‚¿ã‚¤ãƒ ã‚¹ã‚±ãƒ¼ãƒ«ã‚’åˆ†è§£,ì‹œê°„ ì²™ë„ ë¶„í•´,è‚¢è§£æ—¶é—´å°ºåº¦,è‚¢è§£æ™‚é–“å°ºåº¦,à¸¡à¸²à¸•à¸£à¸²à¸ªà¹ˆà¸§à¸™à¹€à¸§à¸¥à¸²à¸à¸²à¸£à¹à¸¢à¸à¸Šà¸´à¹‰à¸™à¸ªà¹ˆà¸§à¸™
OptionDismemberTransition,Dismember Transition,DÃ©membrer Transition,Ãœbergang zur ZerstÃ¼ckelung,TransiciÃ³n de desmembramiento,Smembrare la transizione,TransiÃ§Ã£o de Desmembramento,è§£ä½“ç§»è¡Œ,í•´ì²´ ì „í™˜,è‚¢è§£è¿‡æ¸¡,è‚¢è§£éæ¸¡,à¸à¸²à¸£à¹€à¸›à¸¥à¸µà¹ˆà¸¢à¸™à¸œà¹ˆà¸²à¸™à¹à¸šà¸šà¹à¸¢à¸à¸ªà¹ˆà¸§à¸™
OptionDurationPreset,Duration Preset,DurÃ©e prÃ©dÃ©finie,Voreinstellung fÃ¼r Dauer,Preajuste de duraciÃ³n,Durata preimpostata,DuraÃ§Ã£o predefinida,æœŸé–“ãƒ—ãƒªã‚»ãƒƒãƒˆ,ì§€ì† ì‹œê°„ ì‚¬ì „ ì„¤ì •,æŒç»­æ—¶é—´é¢„è®¾,æŒçºŒæ™‚é–“é è¨­,à¸£à¸°à¸¢à¸°à¹€à¸§à¸¥à¸²à¸—à¸µà¹ˆà¸•à¸±à¹‰à¸‡à¹„à¸§à¹‰à¸¥à¹ˆà¸§à¸‡à¸«à¸™à¹‰à¸²
OptionElementalMultiplier,Elemental Multiplier,Multiplicateur Ã©lÃ©mentaire,Elementarer Multiplikator,Multiplicador elemental,Moltiplicatore elementare,Multiplicador Elemental,ã‚¨ãƒ¬ãƒ¡ãƒ³ã‚¿ãƒ«ä¹—æ•°,ì›ì†Œ ë°°ìœ¨,å…ƒç´ å€å¢å™¨,å…ƒç´ å€å¢å™¨,à¸•à¸±à¸§à¸„à¸¹à¸“à¸˜à¸²à¸•à¸¸
OptionEnableMod,Enable Mod,Activer le mod,Mod aktivieren,Habilitar Mod,Abilita Mod,Ativar Mod,Modã‚’æœ‰åŠ¹ã«ã™ã‚‹,ëª¨ë“œ í™œì„±í™”,å¯ç”¨æ¨¡ç»„,å•Ÿç”¨æ¨¡çµ„,à¹€à¸›à¸´à¸”à¹ƒà¸Šà¹‰à¸‡à¸²à¸™à¸¡à¹‡à¸­à¸”
OptionIntensityPreset,Intensity Preset,PrÃ©rÃ©glage d'intensitÃ©,IntensitÃ¤tsvoreinstellung,Preajuste de intensidad,Preimpostazione intensitÃ ,PredefiniÃ§Ã£o de intensidade,å¼·åº¦ãƒ—ãƒªã‚»ãƒƒãƒˆ,ê°•ë„ ì‚¬ì „ ì„¤ì •,å¼ºåº¦é¢„è®¾,å¼·åº¦é è¨­,à¸à¸²à¸£à¸•à¸±à¹‰à¸‡à¸„à¹ˆà¸²à¸„à¸§à¸²à¸¡à¹€à¸‚à¹‰à¸¡à¸¥à¹ˆà¸§à¸‡à¸«à¸™à¹‰à¸²
OptionIntensityScalingEnabled,Intensity Scaling,Ã‰chelle d'intensitÃ©,IntensitÃ¤tsskalierung,Escala de intensidad,Scala di intensitÃ ,Escalonamento de intensidade,å¼·åº¦ã‚¹ã‚±ãƒ¼ãƒªãƒ³ã‚°,ê°•ë„ ìŠ¤ì¼€ì¼ë§,å¼ºåº¦ç¼©æ”¾,å¼·åº¦ç¸®æ”¾,à¸à¸²à¸£à¸›à¸£à¸±à¸šà¸‚à¸™à¸²à¸”à¸„à¸§à¸²à¸¡à¹€à¸‚à¹‰à¸¡à¸‚à¹‰à¸™
OptionIntensityScalingMax,Max Intensity Multiplier,Multiplicateur d'intensitÃ© maximale,Maximaler IntensitÃ¤tsmultiplikator,Multiplicador de intensidad mÃ¡xima,Moltiplicatore di intensitÃ  massima,Multiplicador de intensidade mÃ¡xima,æœ€å¤§å¼·åº¦ä¹—æ•°,ìµœëŒ€ ê°•ë„ ë°°ìœ¨,æœ€å¤§å¼ºåº¦å€å¢å™¨,æœ€å¤§å¼·åº¦å€å¢å™¨,à¸•à¸±à¸§à¸„à¸¹à¸“à¸„à¸§à¸²à¸¡à¹€à¸‚à¹‰à¸¡à¸ªà¸¹à¸‡à¸ªà¸¸à¸”
OptionLastEnemyChance,LastEnemy Chance,DerniÃ¨re chance ennemie,LastEnemy Chance,Ãšltima oportunidad para el enemigo,LastEnemy Chance,Ãšltima Chance do Inimigo,æœ€å¾Œã®æ•µã®ãƒãƒ£ãƒ³ã‚¹,ë§ˆì§€ë§‰ ì ì˜ ê¸°íšŒ,æœ€åæ•Œäººçš„æœºä¼š,æœ€å¾Œæ•µäººçš„æ©Ÿæœƒ,à¹‚à¸­à¸à¸²à¸ªà¸ªà¸¸à¸”à¸—à¹‰à¸²à¸¢à¸à¸±à¸šà¸¨à¸±à¸•à¸£à¸¹
OptionLastEnemyCooldown,LastEnemy Cooldown,Temps de recharge du dernier ennemi,Abklingzeit des letzten Gegners,Tiempo de reutilizaciÃ³n del Ãºltimo enemigo,Tempo di recupero dell'ultimo nemico,Recarga do Ãšltimo Inimigo,æœ€å¾Œã®æ•µã®ã‚¯ãƒ¼ãƒ«ãƒ€ã‚¦ãƒ³,ë§ˆì§€ë§‰ ì  ì¿¨ë‹¤ìš´,æœ€åæ•Œäººå†·å´æ—¶é—´,æœ€å¾Œæ•µäººå†·å»æ™‚é–“,à¸„à¸¹à¸¥à¸”à¸²à¸§à¸™à¹Œ LastEnemy
OptionLastEnemyDuration,LastEnemy Duration,DurÃ©e du dernier ennemi,Dauer des letzten Gegners,DuraciÃ³n del Ãºltimo enemigo,Durata dell'ultimo nemico,DuraÃ§Ã£o do Ãšltimo Inimigo,æœ€å¾Œã®æ•µã®æŒç¶šæ™‚é–“,ë¼ìŠ¤íŠ¸ì—ë„ˆë¯¸ ì§€ì† ì‹œê°„,LastEnemy æŒç»­æ—¶é—´,LastEnemy æŒçºŒæ™‚é–“,à¸£à¸°à¸¢à¸°à¹€à¸§à¸¥à¸² LastEnemy
OptionLastEnemyTimeScale,LastEnemy Time Scale,Ã‰chelle de temps de LastEnemy,Zeitskala des letzten Gegners,Escala de tiempo de LastEnemy,Scala temporale di LastEnemy,Escala de tempo de LastEnemy,ãƒ©ã‚¹ãƒˆã‚¨ãƒãƒŸãƒ¼ ã‚¿ã‚¤ãƒ ã‚¹ã‚±ãƒ¼ãƒ«,ë¼ìŠ¤íŠ¸ì—ë„ˆë¯¸ ì‹œê°„ ì²™ë„,LastEney æ—¶é—´å°ºåº¦,LastEney æ™‚é–“å°ºåº¦,à¸¡à¸²à¸•à¸£à¸²à¹€à¸§à¸¥à¸² LastEnemy
OptionLastEnemyTransition,LastEnemy Transition,Transition du dernier ennemi,Ãœbergang zum letzten Feind,TransiciÃ³n de LastEnemy,Transizione di LastEnemy,TransiÃ§Ã£o LastEnemy,ãƒ©ã‚¹ãƒˆã‚¨ãƒãƒŸãƒ¼ãƒˆãƒ©ãƒ³ã‚¸ã‚·ãƒ§ãƒ³,ë¼ìŠ¤íŠ¸ì—ë„ˆë¯¸ ì „í™˜,æœ€åæ•Œäººè¿‡æ¸¡,æœ€å¾Œæ•µäººéæ¸¡,LastEnemy Transition
OptionLastStandCooldown,LastStand Cooldown,Temps de recharge de Last Stand,LastStand-Abklingzeit,Tiempo de reutilizaciÃ³n de LastStand,Tempo di recupero di LastStand,Tempo de Recarga do Ãšltimo Suspiro,ãƒ©ã‚¹ãƒˆã‚¹ã‚¿ãƒ³ãƒ‰ã‚¯ãƒ¼ãƒ«ãƒ€ã‚¦ãƒ³,ë¼ìŠ¤íŠ¸ìŠ¤íƒ ë“œ ì¿¨ë‹¤ìš´,æœ€åæŠµæŠ—å†·å´æ—¶é—´,æœ€å¾ŒæŠµæŠ—å†·å»æ™‚é–“,à¸„à¸¹à¸¥à¸”à¸²à¸§à¸™à¹Œ LastStand
OptionLastStandDuration,LastStand Duration,DurÃ©e de LastStand,Dauer von LastStand,DuraciÃ³n de LastStand,Durata di LastStand,DuraÃ§Ã£o do LastStand,ãƒ©ã‚¹ãƒˆã‚¹ã‚¿ãƒ³ãƒ‰æŒç¶šæ™‚é–“,ë¼ìŠ¤íŠ¸ìŠ¤íƒ ë“œ ì§€ì† ì‹œê°„,æœ€åæŠµæŠ—æŒç»­æ—¶é—´,æœ€å¾ŒæŠµæŠ—æŒçºŒæ™‚é–“,à¸£à¸°à¸¢à¸°à¹€à¸§à¸¥à¸² LastStand
OptionLastStandThreshold,Last Stand Threshold,Seuil de la derniÃ¨re rÃ©sistance,Schwelle des letzten Gefechts,Umbral de la Ãºltima resistencia,Soglia dell'ultima resistenza,Limiar da Ãšltima ResistÃªncia,ãƒ©ã‚¹ãƒˆã‚¹ã‚¿ãƒ³ãƒ‰ã®é–¾å€¤,ìµœí›„ì˜ ì €í•­ ë¬¸í„±,æœ€åé˜²çº¿é˜ˆå€¼,æœ€å¾Œé˜²ç·šé–¾å€¼,à¸‚à¸µà¸”à¸ˆà¸³à¸à¸±à¸”à¸à¸²à¸£à¸•à¹ˆà¸­à¸ªà¸¹à¹‰à¸„à¸£à¸±à¹‰à¸‡à¸ªà¸¸à¸”à¸—à¹‰à¸²à¸¢
OptionLastStandTimeScale,LastStand Time Scale,Ã‰chelle de temps LastStand,Zeitskala fÃ¼r den letzten Kampf,Escala de tiempo de LastStand,Scala temporale LastStand,Escala de tempo Last Stand,LastStand ã‚¿ã‚¤ãƒ ã‚¹ã‚±ãƒ¼ãƒ«,ë¼ìŠ¤íŠ¸ìŠ¤íƒ ë“œ ì‹œê°„ ì²™ë„,æœ€åé˜²çº¿æ—¶é—´å°ºåº¦,æœ€å¾Œé˜²ç·šæ™‚é–“å°ºåº¦,à¸¡à¸²à¸•à¸£à¸²à¹€à¸§à¸¥à¸² LastStand
OptionLastStandTransition,LastStand Transition,Transition LastStand,LastStand-Ãœbergang,TransiciÃ³n de LastStand,Transizione LastStand,TransiÃ§Ã£o LastStand,ãƒ©ã‚¹ãƒˆã‚¹ã‚¿ãƒ³ãƒ‰ãƒˆãƒ©ãƒ³ã‚¸ã‚·ãƒ§ãƒ³,ë¼ìŠ¤íŠ¸ìŠ¤íƒ ë“œ ì „í™˜,æœ€åé˜²çº¿è¿‡æ¸¡,æœ€å¾Œé˜²ç·šéæ¸¡,à¸à¸²à¸£à¹€à¸›à¸¥à¸µà¹ˆà¸¢à¸™à¸œà¹ˆà¸²à¸™ LastStand
OptionParryChance,Parry Chance,Chance de parade,Parierchance,Oportunidad de parada,Parry Chance,Aparar Chance,ãƒ‘ãƒªãƒ¼ãƒãƒ£ãƒ³ã‚¹,íŒ¨ë¦¬ ì°¬ìŠ¤,æ ¼æŒ¡æœºä¼š,æ ¼æ“‹æ©Ÿæœƒ,à¹à¸à¸£à¹Œà¸£à¸µà¹ˆ à¹à¸Šà¸™à¸‹à¹Œ
OptionParryCooldown,Parry Cooldown,Temps de recharge de la parade,Parieren-Abklingzeit,Tiempo de reutilizaciÃ³n de parada,Tempo di recupero della parata,Tempo de recarga da defesa,ãƒ‘ãƒªãƒ¼ã‚¯ãƒ¼ãƒ«ãƒ€ã‚¦ãƒ³,íŒ¨ë¦¬ ì¿¨ë‹¤ìš´,æ‹›æ¶å†·å´æ—¶é—´,æ‹›æ¶å†·å»æ™‚é–“,à¸„à¸¹à¸¥à¸”à¸²à¸§à¸™à¹Œà¸à¸²à¸£à¸›à¸±à¸”à¸›à¹‰à¸­à¸‡
OptionParryDuration,Parry Duration,DurÃ©e de la parade,Parierdauer,DuraciÃ³n de la parada,Durata della parata,DuraÃ§Ã£o da defesa,ãƒ‘ãƒªãƒ¼æŒç¶šæ™‚é–“,íŒ¨ë¦¬ ì§€ì† ì‹œê°„,æ ¼æŒ¡æŒç»­æ—¶é—´,æ ¼æ“‹æŒçºŒæ™‚é–“,à¸£à¸°à¸¢à¸°à¹€à¸§à¸¥à¸²à¸à¸²à¸£à¸›à¸±à¸”à¸›à¹‰à¸­à¸‡
OptionParryTimeScale,Parry Time Scale,Ã‰chelle de temps de Parry,Parier-Zeitskala,Escala de tiempo de parada,Scala temporale di Parry,Escala de tempo de Parry,ãƒ‘ãƒªãƒ¼ã‚¿ã‚¤ãƒ ã‚¹ã‚±ãƒ¼ãƒ«,íŒ¨ë¦¬ ì‹œê°„ ì²™ë„,æ ¼æŒ¡æ—¶é—´å°ºåº¦,æ ¼æ“‹æ™‚é–“å°ºåº¦,à¸¡à¸²à¸•à¸£à¸²à¹€à¸§à¸¥à¸²à¸‚à¸­à¸‡ Parry
OptionParryTransition,Parry Transition,Transition de parade,ParierÃ¼bergang,TransiciÃ³n de parada,Transizione di parata,TransiÃ§Ã£o de defesa,ãƒ‘ãƒªãƒ¼ãƒˆãƒ©ãƒ³ã‚¸ã‚·ãƒ§ãƒ³,íŒ¨ë¦¬ ì „í™˜,æ ¼æŒ¡è¿‡æ¸¡,æ ¼æ“‹éæ¸¡,à¸à¸²à¸£à¹€à¸›à¸¥à¸µà¹ˆà¸¢à¸™à¸œà¹ˆà¸²à¸™à¸‚à¸­à¸‡à¹à¸à¸£à¹Œà¸£à¸µà¹ˆ
OptionPierceMultiplier,Pierce Multiplier,Multiplicateur de perforation,Durchdringungsmultiplikator,Multiplicador de perforaciÃ³n,Moltiplicatore di perforazione,Multiplicador de perfuraÃ§Ã£o,ãƒ”ã‚¢ã‚¹ä¹—æ•°,ê´€í†µ ë°°ìœ¨,çš®å°”æ–¯å€å¢å™¨,çš®çˆ¾æ–¯å€å¢å™¨,à¸•à¸±à¸§à¸„à¸¹à¸“à¸à¸²à¸£à¹€à¸ˆà¸²à¸°
OptionQuickTestNow,Quick Test Now,Test rapide maintenant,Schnelltest jetzt,Prueba rÃ¡pida ahora,Prova veloce adesso,FaÃ§a um teste rÃ¡pido agora.,ä»Šã™ãã‚¯ã‚¤ãƒƒã‚¯ãƒ†ã‚¹ãƒˆ,ì§€ê¸ˆ ë°”ë¡œ ë¹ ë¥¸ í…ŒìŠ¤íŠ¸í•´ ë³´ì„¸ìš”,ç«‹å³å¿«é€Ÿæµ‹è¯•,ç«‹å³å¿«é€Ÿæ¸¬è©¦,à¸—à¸”à¸ªà¸­à¸šà¸”à¹ˆà¸§à¸™à¹€à¸¥à¸¢à¸•à¸­à¸™à¸™à¸µà¹‰
OptionQuickTestTrigger,Quick Test Trigger,DÃ©clencheur de test rapide,Schnelltest-AuslÃ¶ser,Disparador de prueba rÃ¡pida,Trigger di test rapido,Gatilho de teste rÃ¡pido,ã‚¯ã‚¤ãƒƒã‚¯ãƒ†ã‚¹ãƒˆãƒˆãƒªã‚¬ãƒ¼,ë¹ ë¥¸ í…ŒìŠ¤íŠ¸ íŠ¸ë¦¬ê±°,å¿«é€Ÿæµ‹è¯•è§¦å‘å™¨,å¿«é€Ÿæ¸¬è©¦è§¸ç™¼å™¨,à¸•à¸±à¸§à¸à¸£à¸°à¸•à¸¸à¹‰à¸™à¸à¸²à¸£à¸—à¸”à¸ªà¸­à¸šà¸”à¹ˆà¸§à¸™
OptionSlashMultiplier,Slash Multiplier,Multiplicateur de slash,Slash-Multiplikator,Multiplicador de barra,Moltiplicatore di barra,Multiplicador de barra,ã‚¹ãƒ©ãƒƒã‚·ãƒ¥ä¹—æ•°,ìŠ¬ë˜ì‹œ ë°°ìœ¨,æ–œæ å€ç‡,æ–œæ§“å€ç‡,à¸•à¸±à¸§à¸„à¸¹à¸“à¸à¸²à¸£à¸Ÿà¸±à¸™
OptionThrownMultiplier,Projectile/Thrown Multiplier,Multiplicateur de projectile/lancer,Projektil-/Wurfmultiplikator,Multiplicador de proyectiles/lanzamientos,Moltiplicatore di proiettili/lanciati,Multiplicador de projÃ©til/arremesso,ç™ºå°„ç‰©/æŠ•æ“²ç‰©ä¹—æ•°,íˆ¬ì‚¬ì²´/íˆ¬ì²™ ë°°ìœ¨,æŠ•å°„ç‰©/æŠ•æ·ç‰©å€ç‡,æŠ•å°„ç‰©/æŠ•æ“²ç‰©å€ç‡,à¸•à¸±à¸§à¸„à¸¹à¸“à¸à¸£à¸°à¸ªà¸¸à¸™/à¸à¸²à¸£à¸‚à¸§à¹‰à¸²à¸‡
OptionTransitionPreset,Transition Preset,PrÃ©rÃ©glage de transition,Ãœbergangsvoreinstellung,Preajuste de transiciÃ³n,Preimpostazione di transizione,PredefiniÃ§Ã£o de transiÃ§Ã£o,ãƒˆãƒ©ãƒ³ã‚¸ã‚·ãƒ§ãƒ³ãƒ—ãƒªã‚»ãƒƒãƒˆ,ì „í™˜ ì‚¬ì „ ì„¤ì •,è¿‡æ¸¡é¢„è®¾,éæ¸¡é è¨­,à¸„à¹ˆà¸²à¸—à¸µà¹ˆà¸•à¸±à¹‰à¸‡à¹„à¸§à¹‰à¸¥à¹ˆà¸§à¸‡à¸«à¸™à¹‰à¸²à¸ªà¸³à¸«à¸£à¸±à¸šà¸à¸²à¸£à¹€à¸›à¸¥à¸µà¹ˆà¸¢à¸™à¸ à¸²à¸
OptionTriggerProfile,Trigger Profile,Profil de dÃ©clenchement,Triggerprofil,Perfil de activaciÃ³n,Profilo di attivazione,Perfil de gatilho,ãƒˆãƒªã‚¬ãƒ¼ãƒ—ãƒ­ãƒ•ã‚¡ã‚¤ãƒ«,íŠ¸ë¦¬ê±° í”„ë¡œí•„,è§¦å‘é…ç½®æ–‡ä»¶,è§¸ç™¼è¨­å®šæª”,à¹‚à¸›à¸£à¹„à¸Ÿà¸¥à¹Œà¸—à¸£à¸´à¸à¹€à¸à¸­à¸£à¹Œ
PresetCinematic,Cinematic,CinÃ©matique,Filmisch,CinematogrÃ¡fico,Cinematografico,CinematogrÃ¡fico,æ˜ ç”»ã®ã‚ˆã†ãª,ì‹œë„¤ë§ˆí‹±,ç”µå½±,é›»å½±,à¸ à¸²à¸à¸¢à¸™à¸•à¸£à¹Œ
PresetDefault,Default,DÃ©faut,Standard,Por defecto,Predefinito,PadrÃ£o,ãƒ‡ãƒ•ã‚©ãƒ«ãƒˆ,ê¸°ë³¸,é»˜è®¤,é è¨­,à¸„à¹ˆà¸²à¹€à¸£à¸´à¹ˆà¸¡à¸•à¹‰à¸™
PresetDramatic,Dramatic,Dramatique,Dramatisch,DramÃ¡tico,Drammatico,DramÃ¡tico,åŠ‡çš„,ê·¹ì ì¸,æˆå‰§æ€§,æˆ²åŠ‡æ€§,à¸™à¹ˆà¸²à¸—à¸¶à¹ˆà¸‡
PresetEpic,Epic,Ã‰pique,Epos,Ã‰pico,Epico,Ã‰pico,ã™ã”ã„,ì„œì‚¬ì‹œ,å²è¯—,å²è©©,à¸¡à¸«à¸²à¸à¸²à¸à¸¢à¹Œ
PresetSubtle,Subtle,Subtil,Subtil,Sutil,Impercettibile,Sutil,å¾®å¦™,ë¯¸ë¬˜í•œ,å¾®å¦™çš„,å¾®å¦™çš„,à¸¥à¸°à¹€à¸­à¸µà¸¢à¸”à¸­à¹ˆà¸­à¸™
ProfileAll,All Triggers,Tous les dÃ©clencheurs,Alle Trigger,Todos los activadores,Tutti i trigger,Todos os gatilhos,ã™ã¹ã¦ã®ãƒˆãƒªã‚¬ãƒ¼,ëª¨ë“  íŠ¸ë¦¬ê±°,æ‰€æœ‰è§¦å‘å™¨,æ‰€æœ‰è§¸ç™¼å™¨,à¸—à¸£à¸´à¸à¹€à¸à¸­à¸£à¹Œà¸—à¸±à¹‰à¸‡à¸«à¸¡à¸”
ProfileHighlights,Highlights,Points forts,Highlights,Reflejos,Punti salienti,Destaques,ãƒã‚¤ãƒ©ã‚¤ãƒˆ,í•˜ì´ë¼ì´íŠ¸,ç²¾å½©ç‰‡æ®µ,ç²¾å½©ç‰‡æ®µ,à¸ˆà¸¸à¸”à¹€à¸”à¹ˆà¸™
ProfileKillsOnly,Kills Only,Tuer seulement,TÃ¶tet nur,Solo mata,Uccide solo,Apenas mortes,ã‚­ãƒ«ã®ã¿,í‚¬ë§Œ,ä»…æ€æˆ®,åƒ…æ®ºæˆ®,à¸†à¹ˆà¸²à¹€à¸—à¹ˆà¸²à¸™à¸±à¹‰à¸™
ProfileLastEnemyOnly,Last Enemy Only,Dernier ennemi seulement,Nur der letzte Feind,Solo el Ãºltimo enemigo,Solo l'ultimo nemico,Ãšltimo Inimigo Apenas,æœ€å¾Œã®æ•µã®ã¿,ë§ˆì§€ë§‰ ì ë§Œ,ä»…æœ€åæ•Œäºº,åƒ…æœ€å¾Œæ•µäºº,à¸¨à¸±à¸•à¸£à¸¹à¸ªà¸¸à¸”à¸—à¹‰à¸²à¸¢à¹€à¸—à¹ˆà¸²à¸™à¸±à¹‰à¸™
ProfileParryOnly,Parry Only,Parade uniquement,Nur Parieren,Solo parada,Solo parata,Apenas aparar,ãƒ‘ãƒªãƒ¼ã®ã¿,íŒ¨ë¦¬ ì „ìš©,ä»…æ ¼æŒ¡,åƒ…æ ¼æ“‹,à¸à¸²à¸£à¹Œà¸£à¸µà¹ˆà¹€à¸—à¹ˆà¸²à¸™à¸±à¹‰à¸™
TooltipBasicChance,Chance to trigger,Chance de dÃ©clenchement,Chance zum AuslÃ¶sen,Posibilidad de activaciÃ³n,PossibilitÃ  di innescare,Chance de ativar,ç™ºå‹•ã®ãƒãƒ£ãƒ³ã‚¹,ë°œë™ë  í™•ë¥ ,è§¦å‘å‡ ç‡,è§¸ç™¼å¹¾ç‡,à¹‚à¸­à¸à¸²à¸ªà¸—à¸µà¹ˆà¸ˆà¸°à¹€à¸à¸´à¸”à¸à¸²à¸£à¸à¸£à¸°à¸•à¸¸à¹‰à¸™
TooltipBasicCooldown,Cooldown,Refroidir,Abklingzeit,Enfriarse,Raffreddare,Esfriar,ã‚¯ãƒ¼ãƒ«ãƒ€ã‚¦ãƒ³,ì¿¨ë‹¤ìš´,å†·å´,å†·å»,à¸„à¸¹à¸¥à¸”à¸²à¸§à¸™à¹Œ
TooltipBasicDuration,Duration,DurÃ©e,Dauer,DuraciÃ³n,Durata,DuraÃ§Ã£o,é–“éš”,ì§€ì†,æœŸé—´,æœŸé–“,à¸£à¸°à¸¢à¸°à¹€à¸§à¸¥à¸²
TooltipBasicTimeScale,Time scale,Ã‰chelle de temps,Zeitskala,Escala de tiempo,Scala temporale,Escala de tempo,æ™‚é–“ã‚¹ã‚±ãƒ¼ãƒ«,ì‹œê°„ ì²™ë„,æ—¶é—´å°ºåº¦,æ™‚é–“å°ºåº¦,à¸¡à¸²à¸•à¸£à¸²à¸ªà¹ˆà¸§à¸™à¹€à¸§à¸¥à¸²
TooltipBasicTransition,Transition curve (20% of duration). Off = instant.,Courbe de transition (20 % de la durÃ©e). ArrÃªt = instantanÃ©.,Ãœbergangskurve (20 % der Dauer). Aus = sofort.,Curva de transiciÃ³n (20% de duraciÃ³n). Apagado = instantÃ¡neo.,Curva di transizione (20% della durata). Off = istantaneo.,Curva de transiÃ§Ã£o (20% da duraÃ§Ã£o). Desligado = instantÃ¢neo.,é·ç§»æ›²ç·šï¼ˆæŒç¶šæ™‚é–“ã® 20%ï¼‰ã€‚ã‚ªãƒ• = å³æ™‚ã€‚,ì „í™˜ ê³¡ì„ (ì§€ì† ì‹œê°„ì˜ 20%). êº¼ì§ = ì¦‰ì‹œ.,è¿‡æ¸¡æ›²çº¿ï¼ˆæŒç»­æ—¶é—´çš„ 20%ï¼‰ã€‚å…³é—­ = ç¬é—´ã€‚,éæ¸¡æ›²ç·šï¼ˆæŒçºŒæ™‚é–“çš„ 20%ï¼‰ã€‚é—œé–‰ = ç¬é–“ã€‚,à¹€à¸ªà¹‰à¸™à¹‚à¸„à¹‰à¸‡à¸à¸²à¸£à¹€à¸›à¸¥à¸µà¹ˆà¸¢à¸™à¸œà¹ˆà¸²à¸™ (20% à¸‚à¸­à¸‡à¸£à¸°à¸¢à¸°à¹€à¸§à¸¥à¸²) à¸›à¸´à¸” = à¸—à¸±à¸™à¸—à¸µ
TooltipBluntMultiplier,Multiplier for blunt damage (impacts). 0x disables slow-mo for this type.,Multiplicateur pour les dÃ©gÃ¢ts contondants (impacts). La valeur 0x dÃ©sactive le ralenti pour ce type de dÃ©gÃ¢ts.,Multiplikator fÃ¼r stumpfen Schaden (Aufprall). 0x deaktiviert die Zeitlupe fÃ¼r diesen Schadenstyp.,Multiplicador de daÃ±o contundente (impactos). 0x desactiva la cÃ¡mara lenta para este tipo.,Moltiplicatore per danni contundenti (impatti). 0x disabilita il rallentatore per questo tipo.,Multiplicador para dano contundente (impactos). 0x desativa a cÃ¢mera lenta para esse tipo de dano.,éˆçš„ãƒ€ãƒ¡ãƒ¼ã‚¸ï¼ˆè¡æ’ƒï¼‰ã®ä¹—æ•°ã€‚0x ã¯ã€ã“ã®ã‚¿ã‚¤ãƒ—ã®ã‚¹ãƒ­ãƒ¼ãƒ¢ãƒ¼ã‚·ãƒ§ãƒ³ã‚’ç„¡åŠ¹ã«ã—ã¾ã™ã€‚,ë‘”ê¸° ê³µê²©(ì¶©ê²©) í”¼í•´ì— ëŒ€í•œ ë°°ìœ¨ì…ë‹ˆë‹¤. 0xëŠ” ì´ ìœ í˜•ì— ëŒ€í•œ ìŠ¬ë¡œìš° ëª¨ì…˜ì„ ë¹„í™œì„±í™”í•©ë‹ˆë‹¤.,é’å‡»ä¼¤å®³ï¼ˆå†²å‡»ï¼‰å€ç‡ã€‚0x è¡¨ç¤ºè¯¥ç±»å‹ä¼¤å®³ä¸è§¦å‘æ…¢åŠ¨ä½œæ•ˆæœã€‚,éˆæ“Šå‚·å®³ï¼ˆè¡æ“Šï¼‰å€ç‡ã€‚ 0x è¡¨ç¤ºè©²é¡å‹å‚·å®³ä¸æœƒè§¸ç™¼æ…¢å‹•ä½œæ•ˆæœã€‚,à¸•à¸±à¸§à¸„à¸¹à¸“à¸ªà¸³à¸«à¸£à¸±à¸šà¸„à¸§à¸²à¸¡à¹€à¸ªà¸µà¸¢à¸«à¸²à¸¢à¸ˆà¸²à¸à¸à¸²à¸£à¸à¸£à¸°à¹à¸—à¸ (à¹à¸£à¸‡à¸à¸£à¸°à¹à¸—à¸) à¸„à¹ˆà¸² 0x à¸ˆà¸°à¸›à¸´à¸”à¹ƒà¸Šà¹‰à¸‡à¸²à¸™à¸ªà¹‚à¸¥à¸§à¹Œà¹‚à¸¡à¸Šà¸±à¹ˆà¸™à¸ªà¸³à¸«à¸£à¸±à¸šà¸„à¸§à¸²à¸¡à¹€à¸ªà¸µà¸¢à¸«à¸²à¸¢à¸›à¸£à¸°à¹€à¸ à¸—à¸™à¸µà¹‰
TooltipChancePreset,Sets per-trigger chance values. Off means chance is ignored (cooldown only).,DÃ©finit les valeurs de probabilitÃ© par dÃ©clenchement. DÃ©sactivÃ© signifie que la probabilitÃ© est ignorÃ©e (temps de recharge uniquement).,"Legt die Wahrscheinlichkeitswerte pro AuslÃ¶sung fest. â€Ausâ€œ bedeutet, dass die Wahrscheinlichkeit ignoriert wird (nur Abklingzeit).","Establece valores de probabilidad por disparador. Si estÃ¡ desactivado, se ignora la probabilidad (solo tiempo de reutilizaciÃ³n).",Imposta i valori di probabilitÃ  per ogni attivazione. Disattivato significa che la probabilitÃ  viene ignorata (solo tempo di recupero).,Define os valores de chance por gatilho. Desativado significa que a chance Ã© ignorada (apenas o tempo de recarga).,ãƒˆãƒªã‚¬ãƒ¼ã”ã¨ã®ç¢ºç‡å€¤ã‚’è¨­å®šã—ã¾ã™ã€‚ã‚ªãƒ•ã«ã™ã‚‹ã¨ç¢ºç‡ã¯ç„¡è¦–ã•ã‚Œã¾ã™ï¼ˆã‚¯ãƒ¼ãƒ«ãƒ€ã‚¦ãƒ³ã®ã¿ï¼‰ã€‚,ë°œë™ í™•ë¥  ê°’ì„ ì„¤ì •í•©ë‹ˆë‹¤. ë„ë©´ í™•ë¥ ì´ ë¬´ì‹œë˜ê³  ì¿¨ë‹¤ìš´ë§Œ ì ìš©ë©ë‹ˆë‹¤.,è®¾ç½®æ¯æ¬¡è§¦å‘çš„å‡ ç‡å€¼ã€‚å…³é—­è¡¨ç¤ºå¿½ç•¥å‡ ç‡ï¼ˆä»…è€ƒè™‘å†·å´æ—¶é—´ï¼‰ã€‚,è¨­å®šæ¯æ¬¡è§¸ç™¼çš„å¹¾ç‡å€¼ã€‚é—œé–‰è¡¨ç¤ºå¿½ç•¥å¹¾ç‡ï¼ˆåƒ…è€ƒæ…®å†·å»æ™‚é–“ï¼‰ã€‚,à¸à¸³à¸«à¸™à¸”à¸„à¹ˆà¸²à¹‚à¸­à¸à¸²à¸ªà¸•à¹ˆà¸­à¸à¸²à¸£à¸à¸£à¸°à¸•à¸¸à¹‰à¸™à¹à¸•à¹ˆà¸¥à¸°à¸„à¸£à¸±à¹‰à¸‡ à¸›à¸´à¸”à¸«à¸¡à¸²à¸¢à¸„à¸§à¸²à¸¡à¸§à¹ˆà¸²à¹„à¸¡à¹ˆà¸ªà¸™à¹ƒà¸ˆà¹‚à¸­à¸à¸²à¸ª (à¹€à¸‰à¸à¸²à¸°à¸Šà¹ˆà¸§à¸‡à¹€à¸§à¸¥à¸²à¸„à¸¹à¸¥à¸”à¸²à¸§à¸™à¹Œ)
TooltipCooldownPreset,Sets per-trigger cooldown values. Off disables cooldown.,DÃ©finit les valeurs de dÃ©lai de rÃ©cupÃ©ration par dÃ©clenchement. DÃ©sactivÃ© dÃ©sactive le dÃ©lai de rÃ©cupÃ©ration.,Legt die Abklingzeitwerte pro AuslÃ¶ser fest. â€Ausâ€œ deaktiviert die Abklingzeit.,Establece valores de enfriamiento por disparador. Desactivado desactiva el enfriamiento.,Imposta i valori di cooldown per trigger. Off disattiva il cooldown.,Define os valores de tempo de recarga por gatilho. Desativado desabilita o tempo de recarga.,ãƒˆãƒªã‚¬ãƒ¼ã”ã¨ã®ã‚¯ãƒ¼ãƒ«ãƒ€ã‚¦ãƒ³å€¤ã‚’è¨­å®šã—ã¾ã™ã€‚ã‚ªãƒ•ã«ã™ã‚‹ã¨ã‚¯ãƒ¼ãƒ«ãƒ€ã‚¦ãƒ³ãŒç„¡åŠ¹ã«ãªã‚Šã¾ã™ã€‚,ê° íŠ¸ë¦¬ê±°ë³„ ì¬ì‚¬ìš© ëŒ€ê¸°ì‹œê°„ ê°’ì„ ì„¤ì •í•©ë‹ˆë‹¤. ë„ë©´ ì¬ì‚¬ìš© ëŒ€ê¸°ì‹œê°„ì´ ë¹„í™œì„±í™”ë©ë‹ˆë‹¤.,è®¾ç½®æ¯æ¬¡è§¦å‘çš„å†·å´æ—¶é—´ã€‚å…³é—­åˆ™ç¦ç”¨å†·å´æ—¶é—´ã€‚,è¨­å®šæ¯æ¬¡è§¸ç™¼çš„å†·å»æ™‚é–“ã€‚é—œé–‰å‰‡ç¦ç”¨å†·å»æ™‚é–“ã€‚,à¸à¸³à¸«à¸™à¸”à¸„à¹ˆà¸²à¸„à¸¹à¸¥à¸”à¸²à¸§à¸™à¹Œà¸•à¹ˆà¸­à¸à¸²à¸£à¹ƒà¸Šà¹‰à¸‡à¸²à¸™à¹à¸•à¹ˆà¸¥à¸°à¸„à¸£à¸±à¹‰à¸‡ à¸›à¸´à¸”à¸à¸²à¸£à¸—à¸³à¸‡à¸²à¸™à¹€à¸à¸·à¹ˆà¸­à¸›à¸´à¸”à¹ƒà¸Šà¹‰à¸‡à¸²à¸™à¸„à¸¹à¸¥à¸”à¸²à¸§à¸™à¹Œ
TooltipCriticalChance,Chance to trigger,Chance de dÃ©clenchement,Chance zum AuslÃ¶sen,Posibilidad de activaciÃ³n,PossibilitÃ  di innescare,Chance de ativar,ç™ºå‹•ã®ãƒãƒ£ãƒ³ã‚¹,ë°œë™ë  í™•ë¥ ,è§¦å‘å‡ ç‡,è§¸ç™¼å¹¾ç‡,à¹‚à¸­à¸à¸²à¸ªà¸—à¸µà¹ˆà¸ˆà¸°à¹€à¸à¸´à¸”à¸à¸²à¸£à¸à¸£à¸°à¸•à¸¸à¹‰à¸™
TooltipCriticalCooldown,Cooldown,Refroidir,Abklingzeit,Enfriarse,Raffreddare,Esfriar,ã‚¯ãƒ¼ãƒ«ãƒ€ã‚¦ãƒ³,ì¿¨ë‹¤ìš´,å†·å´,å†·å»,à¸„à¸¹à¸¥à¸”à¸²à¸§à¸™à¹Œ
TooltipCriticalDuration,Duration,DurÃ©e,Dauer,DuraciÃ³n,Durata,DuraÃ§Ã£o,é–“éš”,ì§€ì†,æœŸé—´,æœŸé–“,à¸£à¸°à¸¢à¸°à¹€à¸§à¸¥à¸²
TooltipCriticalTimeScale,Time scale,Ã‰chelle de temps,Zeitskala,Escala de tiempo,Scala temporale,Escala de tempo,æ™‚é–“ã‚¹ã‚±ãƒ¼ãƒ«,ì‹œê°„ ì²™ë„,æ—¶é—´å°ºåº¦,æ™‚é–“å°ºåº¦,à¸¡à¸²à¸•à¸£à¸²à¸ªà¹ˆà¸§à¸™à¹€à¸§à¸¥à¸²
TooltipCriticalTransition,Transition curve (20% of duration). Off = instant.,Courbe de transition (20 % de la durÃ©e). ArrÃªt = instantanÃ©.,Ãœbergangskurve (20 % der Dauer). Aus = sofort.,Curva de transiciÃ³n (20% de duraciÃ³n). Apagado = instantÃ¡neo.,Curva di transizione (20% della durata). Off = istantaneo.,Curva de transiÃ§Ã£o (20% da duraÃ§Ã£o). Desligado = instantÃ¢neo.,é·ç§»æ›²ç·šï¼ˆæŒç¶šæ™‚é–“ã® 20%ï¼‰ã€‚ã‚ªãƒ• = å³æ™‚ã€‚,ì „í™˜ ê³¡ì„ (ì§€ì† ì‹œê°„ì˜ 20%). êº¼ì§ = ì¦‰ì‹œ.,è¿‡æ¸¡æ›²çº¿ï¼ˆæŒç»­æ—¶é—´çš„ 20%ï¼‰ã€‚å…³é—­ = ç¬é—´ã€‚,éæ¸¡æ›²ç·šï¼ˆæŒçºŒæ™‚é–“çš„ 20%ï¼‰ã€‚é—œé–‰ = ç¬é–“ã€‚,à¹€à¸ªà¹‰à¸™à¹‚à¸„à¹‰à¸‡à¸à¸²à¸£à¹€à¸›à¸¥à¸µà¹ˆà¸¢à¸™à¸œà¹ˆà¸²à¸™ (20% à¸‚à¸­à¸‡à¸£à¸°à¸¢à¸°à¹€à¸§à¸¥à¸²) à¸›à¸´à¸” = à¸—à¸±à¸™à¸—à¸µ
TooltipDOTMultiplier,Multiplier for DOT kills (DOT mod). Only applies when DOT is installed. 0x disables slow-mo for bleed/burn kills.,Multiplicateur pour les Ã©liminations par dÃ©gÃ¢ts sur la durÃ©e (mod DOT). S'applique uniquement si DOT est installÃ©. 0x dÃ©sactive le ralenti pour les Ã©liminations par saignement/brÃ»lure.,"Multiplikator fÃ¼r DoT-Kills (DOT-Mod). Gilt nur, wenn DOT installiert ist. 0x deaktiviert die Zeitlupe fÃ¼r Blutungs-/Verbrennungskills.",Multiplicador de bajas por daÃ±o en el tiempo (mod DOT). Solo se aplica cuando DOT estÃ¡ instalado. 0x desactiva la cÃ¡mara lenta para bajas por sangrado/quema.,Moltiplicatore per uccisioni DOT (mod DOT). Si applica solo se DOT Ã¨ installato. 0x disabilita lo slow-motion per le uccisioni bleed/burn.,Multiplicador para mortes por dano contÃ­nuo (mod DOT). SÃ³ se aplica quando o DOT estÃ¡ instalado. 0x desativa o efeito de cÃ¢mera lenta para mortes por sangramento/queimadura.,DOTã‚­ãƒ«ã®ä¹—æ•°ï¼ˆDOT modï¼‰ã€‚DOTãŒã‚¤ãƒ³ã‚¹ãƒˆãƒ¼ãƒ«ã•ã‚Œã¦ã„ã‚‹å ´åˆã«ã®ã¿é©ç”¨ã•ã‚Œã¾ã™ã€‚0x ã«ã™ã‚‹ã¨ã€å‡ºè¡€/ç‡ƒç„¼ã‚­ãƒ«ã®ã‚¹ãƒ­ãƒ¼ãƒ¢ãƒ¼ã‚·ãƒ§ãƒ³ãŒç„¡åŠ¹ã«ãªã‚Šã¾ã™ã€‚,ì§€ì† í”¼í•´ ì²˜ì¹˜ ì‹œ ì ìš©ë˜ëŠ” ë°°ìœ¨(DOT ëª¨ë“œ). DOT ëª¨ë“œê°€ ì„¤ì¹˜ëœ ê²½ìš°ì—ë§Œ ì ìš©ë©ë‹ˆë‹¤. 0xë¡œ ì„¤ì •í•˜ë©´ ì¶œí˜ˆ/í™”ìƒ ì²˜ì¹˜ ì‹œ ìŠ¬ë¡œìš° ëª¨ì…˜ì´ ë¹„í™œì„±í™”ë©ë‹ˆë‹¤.,æŒç»­ä¼¤å®³å‡»æ€å€ç‡ï¼ˆDOTæ¨¡ç»„ï¼‰ã€‚ä»…åœ¨å®‰è£…DOTæ¨¡ç»„åç”Ÿæ•ˆã€‚0xå€¼ç¦ç”¨æµè¡€/ç‡ƒçƒ§å‡»æ€çš„æ…¢åŠ¨ä½œæ•ˆæœã€‚,æŒçºŒå‚·å®³æ“Šæ®ºå€ç‡ï¼ˆDOTæ¨¡çµ„ï¼‰ã€‚åƒ…åœ¨å®‰è£DOTæ¨¡çµ„å¾Œç”Ÿæ•ˆã€‚ 0xå€¼åœç”¨æµè¡€/ç‡ƒç‡’æ“Šæ®ºçš„æ…¢å‹•ä½œæ•ˆæœã€‚,à¸•à¸±à¸§à¸„à¸¹à¸“à¸ªà¸³à¸«à¸£à¸±à¸šà¸à¸²à¸£à¸ªà¸±à¸‡à¸«à¸²à¸£à¸”à¹‰à¸§à¸¢ DOT (à¸¡à¹‡à¸­à¸” DOT) à¹ƒà¸Šà¹‰à¹„à¸”à¹‰à¹€à¸‰à¸à¸²à¸°à¹€à¸¡à¸·à¹ˆà¸­à¸•à¸´à¸”à¸•à¸±à¹‰à¸‡ DOT à¹à¸¥à¹‰à¸§à¹€à¸—à¹ˆà¸²à¸™à¸±à¹‰à¸™ 0x à¸ˆà¸°à¸›à¸´à¸”à¹ƒà¸Šà¹‰à¸‡à¸²à¸™à¸ªà¹‚à¸¥à¸§à¹Œà¹‚à¸¡à¸Šà¸±à¹ˆà¸™à¸ªà¸³à¸«à¸£à¸±à¸šà¸à¸²à¸£à¸ªà¸±à¸‡à¸«à¸²à¸£à¸”à¹‰à¸§à¸¢à¹€à¸¥à¸·à¸­à¸”à¸­à¸­à¸/à¹€à¸œà¸²à¹„à¸«à¸¡à¹‰
TooltipDebugLogging,Enable verbose debug logging,Activer la journalisation dÃ©taillÃ©e du dÃ©bogage,AusfÃ¼hrliche Debug-Protokollierung aktivieren,Habilitar el registro de depuraciÃ³n detallado,Abilita la registrazione dettagliata del debug,Ativar registro de depuraÃ§Ã£o detalhado,è©³ç´°ãªãƒ‡ãƒãƒƒã‚°ãƒ­ã‚°ã‚’æœ‰åŠ¹ã«ã™ã‚‹,ìì„¸í•œ ë””ë²„ê·¸ ë¡œê¹…ì„ í™œì„±í™”í•©ë‹ˆë‹¤.,å¯ç”¨è¯¦ç»†è°ƒè¯•æ—¥å¿—,å•Ÿç”¨è©³ç´°èª¿è©¦æ—¥èªŒ,à¹€à¸›à¸´à¸”à¹ƒà¸Šà¹‰à¸‡à¸²à¸™à¸à¸²à¸£à¸šà¸±à¸™à¸—à¸¶à¸à¸‚à¹‰à¸­à¸¡à¸¹à¸¥à¸à¸²à¸£à¹à¸à¹‰à¹„à¸‚à¸‚à¹‰à¸­à¸œà¸´à¸”à¸à¸¥à¸²à¸”à¹à¸šà¸šà¸¥à¸°à¹€à¸­à¸µà¸¢à¸”
TooltipDebugOverlay,Show on-screen debug overlay with CSM state,Afficher la superposition de dÃ©bogage Ã  l'Ã©cran avec l'Ã©tat CSM,Debug-Overlay mit CSM-Status auf dem Bildschirm anzeigen,Mostrar la superposiciÃ³n de depuraciÃ³n en pantalla con el estado de CSM,Mostra la sovrapposizione di debug sullo schermo con lo stato CSM,Exibir sobreposiÃ§Ã£o de depuraÃ§Ã£o na tela com estado CSM,CSM ã®çŠ¶æ…‹ã‚’ç”»é¢ä¸Šã®ãƒ‡ãƒãƒƒã‚° ã‚ªãƒ¼ãƒãƒ¼ãƒ¬ã‚¤ã«è¡¨ç¤ºã™ã‚‹,CSM ìƒíƒœë¥¼ í™”ë©´ì— ë””ë²„ê·¸ ì˜¤ë²„ë ˆì´ë¡œ í‘œì‹œí•©ë‹ˆë‹¤.,åœ¨å±å¹•ä¸Šæ˜¾ç¤ºå¸¦æœ‰ CSM çŠ¶æ€çš„è°ƒè¯•å åŠ å±‚,åœ¨è¢å¹•ä¸Šé¡¯ç¤ºå…·æœ‰ CSM ç‹€æ…‹çš„èª¿è©¦ç–ŠåŠ å±¤,à¹à¸ªà¸”à¸‡à¹‚à¸­à¹€à¸§à¸­à¸£à¹Œà¹€à¸¥à¸¢à¹Œà¸à¸²à¸£à¸”à¸µà¸šà¸±à¸à¸šà¸™à¸«à¸™à¹‰à¸²à¸ˆà¸­à¸à¸£à¹‰à¸­à¸¡à¸ªà¸–à¸²à¸™à¸° CSM
TooltipDecapChance,Chance to trigger,Chance de dÃ©clenchement,Chance zum AuslÃ¶sen,Posibilidad de activaciÃ³n,PossibilitÃ  di innescare,Chance de ativar,ç™ºå‹•ã®ãƒãƒ£ãƒ³ã‚¹,ë°œë™ë  í™•ë¥ ,è§¦å‘å‡ ç‡,è§¸ç™¼å¹¾ç‡,à¹‚à¸­à¸à¸²à¸ªà¸—à¸µà¹ˆà¸ˆà¸°à¹€à¸à¸´à¸”à¸à¸²à¸£à¸à¸£à¸°à¸•à¸¸à¹‰à¸™
TooltipDecapCooldown,Cooldown,Refroidir,Abklingzeit,Enfriarse,Raffreddare,Esfriar,ã‚¯ãƒ¼ãƒ«ãƒ€ã‚¦ãƒ³,ì¿¨ë‹¤ìš´,å†·å´,å†·å»,à¸„à¸¹à¸¥à¸”à¸²à¸§à¸™à¹Œ
TooltipDecapDuration,Duration,DurÃ©e,Dauer,DuraciÃ³n,Durata,DuraÃ§Ã£o,é–“éš”,ì§€ì†,æœŸé—´,æœŸé–“,à¸£à¸°à¸¢à¸°à¹€à¸§à¸¥à¸²
TooltipDecapTimeScale,Time scale,Ã‰chelle de temps,Zeitskala,Escala de tiempo,Scala temporale,Escala de tempo,æ™‚é–“ã‚¹ã‚±ãƒ¼ãƒ«,ì‹œê°„ ì²™ë„,æ—¶é—´å°ºåº¦,æ™‚é–“å°ºåº¦,à¸¡à¸²à¸•à¸£à¸²à¸ªà¹ˆà¸§à¸™à¹€à¸§à¸¥à¸²
TooltipDecapTransition,Transition curve (20% of duration). Off = instant.,Courbe de transition (20 % de la durÃ©e). ArrÃªt = instantanÃ©.,Ãœbergangskurve (20 % der Dauer). Aus = sofort.,Curva de transiciÃ³n (20% de duraciÃ³n). Apagado = instantÃ¡neo.,Curva di transizione (20% della durata). Off = istantaneo.,Curva de transiÃ§Ã£o (20% da duraÃ§Ã£o). Desligado = instantÃ¢neo.,é·ç§»æ›²ç·šï¼ˆæŒç¶šæ™‚é–“ã® 20%ï¼‰ã€‚ã‚ªãƒ• = å³æ™‚ã€‚,ì „í™˜ ê³¡ì„ (ì§€ì† ì‹œê°„ì˜ 20%). êº¼ì§ = ì¦‰ì‹œ.,è¿‡æ¸¡æ›²çº¿ï¼ˆæŒç»­æ—¶é—´çš„ 20%ï¼‰ã€‚å…³é—­ = ç¬é—´ã€‚,éæ¸¡æ›²ç·šï¼ˆæŒçºŒæ™‚é–“çš„ 20%ï¼‰ã€‚é—œé–‰ = ç¬é–“ã€‚,à¹€à¸ªà¹‰à¸™à¹‚à¸„à¹‰à¸‡à¸à¸²à¸£à¹€à¸›à¸¥à¸µà¹ˆà¸¢à¸™à¸œà¹ˆà¸²à¸™ (20% à¸‚à¸­à¸‡à¸£à¸°à¸¢à¸°à¹€à¸§à¸¥à¸²) à¸›à¸´à¸” = à¸—à¸±à¸™à¸—à¸µ
TooltipDismemberChance,Chance to trigger,Chance de dÃ©clenchement,Chance zum AuslÃ¶sen,Posibilidad de activaciÃ³n,PossibilitÃ  di innescare,Chance de ativar,ç™ºå‹•ã®ãƒãƒ£ãƒ³ã‚¹,ë°œë™ë  í™•ë¥ ,è§¦å‘å‡ ç‡,è§¸ç™¼å¹¾ç‡,à¹‚à¸­à¸à¸²à¸ªà¸—à¸µà¹ˆà¸ˆà¸°à¹€à¸à¸´à¸”à¸à¸²à¸£à¸à¸£à¸°à¸•à¸¸à¹‰à¸™
TooltipDismemberCooldown,Cooldown,Refroidir,Abklingzeit,Enfriarse,Raffreddare,Esfriar,ã‚¯ãƒ¼ãƒ«ãƒ€ã‚¦ãƒ³,ì¿¨ë‹¤ìš´,å†·å´,å†·å»,à¸„à¸¹à¸¥à¸”à¸²à¸§à¸™à¹Œ
TooltipDismemberDuration,Duration,DurÃ©e,Dauer,DuraciÃ³n,Durata,DuraÃ§Ã£o,é–“éš”,ì§€ì†,æœŸé—´,æœŸé–“,à¸£à¸°à¸¢à¸°à¹€à¸§à¸¥à¸²
TooltipDismemberTimeScale,Time scale,Ã‰chelle de temps,Zeitskala,Escala de tiempo,Scala temporale,Escala de tempo,æ™‚é–“ã‚¹ã‚±ãƒ¼ãƒ«,ì‹œê°„ ì²™ë„,æ—¶é—´å°ºåº¦,æ™‚é–“å°ºåº¦,à¸¡à¸²à¸•à¸£à¸²à¸ªà¹ˆà¸§à¸™à¹€à¸§à¸¥à¸²
TooltipDismemberTransition,Transition curve (20% of duration). Off = instant.,Courbe de transition (20 % de la durÃ©e). ArrÃªt = instantanÃ©.,Ãœbergangskurve (20 % der Dauer). Aus = sofort.,Curva de transiciÃ³n (20% de duraciÃ³n). Apagado = instantÃ¡neo.,Curva di transizione (20% della durata). Off = istantaneo.,Curva de transiÃ§Ã£o (20% da duraÃ§Ã£o). Desligado = instantÃ¢neo.,é·ç§»æ›²ç·šï¼ˆæŒç¶šæ™‚é–“ã® 20%ï¼‰ã€‚ã‚ªãƒ• = å³æ™‚ã€‚,ì „í™˜ ê³¡ì„ (ì§€ì† ì‹œê°„ì˜ 20%). êº¼ì§ = ì¦‰ì‹œ.,è¿‡æ¸¡æ›²çº¿ï¼ˆæŒç»­æ—¶é—´çš„ 20%ï¼‰ã€‚å…³é—­ = ç¬é—´ã€‚,éæ¸¡æ›²ç·šï¼ˆæŒçºŒæ™‚é–“çš„ 20%ï¼‰ã€‚é—œé–‰ = ç¬é–“ã€‚,à¹€à¸ªà¹‰à¸™à¹‚à¸„à¹‰à¸‡à¸à¸²à¸£à¹€à¸›à¸¥à¸µà¹ˆà¸¢à¸™à¸œà¹ˆà¸²à¸™ (20% à¸‚à¸­à¸‡à¸£à¸°à¸¢à¸°à¹€à¸§à¸¥à¸²) à¸›à¸´à¸” = à¸—à¸±à¸™à¸—à¸µ
TooltipDurationPreset,Sets per-trigger duration values.,DÃ©finit les valeurs de durÃ©e par dÃ©clenchement.,Legt Dauerwerte pro Trigger fest.,Establece valores de duraciÃ³n por disparador.,Imposta i valori di durata per trigger.,Define os valores de duraÃ§Ã£o por gatilho.,ãƒˆãƒªã‚¬ãƒ¼ã”ã¨ã®æœŸé–“ã®å€¤ã‚’è¨­å®šã—ã¾ã™ã€‚,íŠ¸ë¦¬ê±°ë³„ ì§€ì† ì‹œê°„ ê°’ì„ ì„¤ì •í•©ë‹ˆë‹¤.,è®¾ç½®æ¯æ¬¡è§¦å‘çš„æŒç»­æ—¶é—´å€¼ã€‚,è¨­å®šæ¯æ¬¡è§¸ç™¼çš„æŒçºŒæ™‚é–“å€¼ã€‚,à¸à¸³à¸«à¸™à¸”à¸„à¹ˆà¸²à¸£à¸°à¸¢à¸°à¹€à¸§à¸¥à¸²à¸•à¹ˆà¸­à¸à¸²à¸£à¸à¸£à¸°à¸•à¸¸à¹‰à¸™à¹à¸•à¹ˆà¸¥à¸°à¸„à¸£à¸±à¹‰à¸‡
TooltipElementalMultiplier,"Multiplier for elemental damage (Fire, Lightning, Energy). 0x disables slow-mo for elemental kills.","Multiplicateur de dÃ©gÃ¢ts Ã©lÃ©mentaires (Feu, Foudre, Ã‰nergie). La valeur 0x dÃ©sactive le ralenti pour les Ã©liminations Ã©lÃ©mentaires.","Multiplikator fÃ¼r Elementarschaden (Feuer, Blitz, Energie). 0x deaktiviert die Zeitlupe bei Elementarkills.","Multiplicador de daÃ±o elemental (Fuego, Rayo, EnergÃ­a). 0x desactiva la cÃ¡mara lenta para muertes elementales.","Moltiplicatore per danni elementali (Fuoco, Fulmine, Energia). 0x disattiva il rallentatore per le uccisioni elementali.","Multiplicador para dano elemental (Fogo, RelÃ¢mpago, Energia). 0x desativa a cÃ¢mera lenta para eliminaÃ§Ãµes com dano elemental.",å±æ€§ãƒ€ãƒ¡ãƒ¼ã‚¸ (ç«ã€é›·ã€ã‚¨ãƒãƒ«ã‚®ãƒ¼) ã®ä¹—æ•°ã€‚0x ã«ã™ã‚‹ã¨ã€å±æ€§ã‚­ãƒ«ã®ã‚¹ãƒ­ãƒ¼ãƒ¢ãƒ¼ã‚·ãƒ§ãƒ³ãŒç„¡åŠ¹ã«ãªã‚Šã¾ã™ã€‚,"ì†ì„± í”¼í•´(í™”ì—¼, ë²ˆê°œ, ì—ë„ˆì§€) ë°°ìœ¨ì…ë‹ˆë‹¤. 0xë¡œ ì„¤ì •í•˜ë©´ ì†ì„± ê³µê²©ìœ¼ë¡œ ì ì„ ì²˜ì¹˜í•  ë•Œ ìŠ¬ë¡œìš° ëª¨ì…˜ì´ ë¹„í™œì„±í™”ë©ë‹ˆë‹¤.",å…ƒç´ ä¼¤å®³å€ç‡ï¼ˆç«ç„°ã€é—ªç”µã€èƒ½é‡ï¼‰ã€‚0x è¡¨ç¤ºç¦ç”¨å…ƒç´ å‡»æ€çš„æ…¢åŠ¨ä½œæ•ˆæœã€‚,å…ƒç´ å‚·å®³å€ç‡ï¼ˆç«ç„°ã€é–ƒé›»ã€èƒ½é‡ï¼‰ã€‚ 0x è¡¨ç¤ºç¦ç”¨å…ƒç´ æ“Šæ®ºçš„æ…¢å‹•ä½œæ•ˆæœã€‚,à¸•à¸±à¸§à¸„à¸¹à¸“à¸ªà¸³à¸«à¸£à¸±à¸šà¸„à¸§à¸²à¸¡à¹€à¸ªà¸µà¸¢à¸«à¸²à¸¢à¸˜à¸²à¸•à¸¸ (à¹„à¸Ÿ à¸ªà¸²à¸¢à¸Ÿà¹‰à¸² à¸à¸¥à¸±à¸‡à¸‡à¸²à¸™) 0x à¸ˆà¸°à¸›à¸´à¸”à¹ƒà¸Šà¹‰à¸‡à¸²à¸™à¸ªà¹‚à¸¥à¸§à¹Œà¹‚à¸¡à¸Šà¸±à¹ˆà¸™à¸ªà¸³à¸«à¸£à¸±à¸šà¸à¸²à¸£à¸ªà¸±à¸‡à¸«à¸²à¸£à¸”à¹‰à¸§à¸¢à¸˜à¸²à¸•à¸¸
TooltipEnableMod,Master switch for the entire mod,Interrupteur principal pour l'ensemble du mod,Hauptschalter fÃ¼r die gesamte Modifikation,Interruptor maestro para todo el mod,Interruttore principale per l'intera mod,Interruptor principal para todo o mod,ãƒ¢ãƒƒãƒ‰å…¨ä½“ã®ãƒã‚¹ã‚¿ãƒ¼ã‚¹ã‚¤ãƒƒãƒ,ì „ì²´ ëª¨ë“œì˜ ë§ˆìŠ¤í„° ìŠ¤ìœ„ì¹˜,æ•´ä¸ªæ¨¡å—çš„æ€»å¼€å…³,æ•´å€‹æ¨¡çµ„çš„ç¸½é–‹é—œ,à¸ªà¸§à¸´à¸•à¸Šà¹Œà¸«à¸¥à¸±à¸à¸ªà¸³à¸«à¸£à¸±à¸šà¹‚à¸¡à¸”à¸´à¸Ÿà¸²à¸¢à¸—à¸±à¹‰à¸‡à¸«à¸¡à¸”
TooltipIntensityPreset,"Intensity profile. Subtle = brief, Default = balanced, Dramatic = stronger, Cinematic = dramatic, Epic = extreme","Profil d'intensitÃ©. Subtil = bref, Par dÃ©faut = Ã©quilibrÃ©, Dramatique = plus fort, CinÃ©matique = dramatique, Ã‰pique = extrÃªme","IntensitÃ¤tsprofil. Subtil = kurz, Standard = ausgewogen, Dramatisch = stÃ¤rker, Filmisch = dramatisch, Episch = extrem","Perfil de intensidad. Sutil = breve, Predeterminado = equilibrado, DramÃ¡tico = mÃ¡s intenso, CinematogrÃ¡fico = dramÃ¡tico, Ã‰pico = extremo","Profilo di intensitÃ . Sottile = breve, Predefinito = equilibrato, Drammatico = piÃ¹ forte, Cinematografico = drammatico, Epico = estremo","Perfil de intensidade. Sutil = breve, PadrÃ£o = equilibrado, DramÃ¡tico = mais forte, CinematogrÃ¡fico = dramÃ¡tico, Ã‰pico = extremo",å¼·åº¦ãƒ—ãƒ­ãƒ•ã‚¡ã‚¤ãƒ«ã€‚Subtle = ç°¡æ½”ã€Default = ãƒãƒ©ãƒ³ã‚¹ã€Dramatic = ã‚ˆã‚Šå¼·ã‚ã€Cinematic = ãƒ‰ãƒ©ãƒãƒãƒƒã‚¯ã€Epic = æ¥µç«¯,"ê°•ë„ í”„ë¡œí•„. ë¯¸ë¬˜í•¨ = ì§§ìŒ, ê¸°ë³¸ = ê· í˜•, ê·¹ì  = ê°•ë ¬í•¨, ì˜í™”ì  = ê·¹ì , ì›…ì¥í•¨ = ê·¹ëŒ€í•¨",å¼ºåº¦æ¨¡å¼ã€‚å¾®å¦™ = çŸ­æš‚ï¼Œé»˜è®¤ = å¹³è¡¡ï¼Œæˆå‰§æ€§ = æ›´å¼ºï¼Œç”µå½±çº§ = æˆå‰§æ€§ï¼Œå²è¯—çº§ = æè‡´,å¼·åº¦æ¨¡å¼ã€‚å¾®å¦™ = çŸ­æš«ï¼Œé è¨­ = å¹³è¡¡ï¼Œæˆ²åŠ‡æ€§ = æ›´å¼·ï¼Œé›»å½±ç´š = æˆ²åŠ‡æ€§ï¼Œå²è©©ç´š = æ¥µè‡´,"à¸£à¸°à¸”à¸±à¸šà¸„à¸§à¸²à¸¡à¹€à¸‚à¹‰à¸¡à¸‚à¹‰à¸™: à¸¥à¸°à¹€à¸­à¸µà¸¢à¸”à¸­à¹ˆà¸­à¸™ = à¸ªà¸±à¹‰à¸™, à¸›à¸à¸•à¸´ = à¸ªà¸¡à¸”à¸¸à¸¥, à¸”à¸£à¸²à¸¡à¹ˆà¸² = à¹€à¸‚à¹‰à¸¡à¸‚à¹‰à¸™à¸‚à¸¶à¹‰à¸™, à¸ à¸²à¸à¸¢à¸™à¸•à¸£à¹Œ = à¸”à¸£à¸²à¸¡à¹ˆà¸²à¸ˆà¸±à¸”, à¸¡à¸«à¸²à¸à¸²à¸à¸¢à¹Œ = à¸ªà¸¸à¸”à¸‚à¸µà¸”"
TooltipIntensityScalingEnabled,Scale slow-mo intensity based on impact force. Off by default.,Ajuster l'intensitÃ© du ralenti en fonction de la force de l'impact. DÃ©sactivÃ© par dÃ©faut.,Die IntensitÃ¤t der Zeitlupe wird anhand der AufprallstÃ¤rke angepasst. StandardmÃ¤ÃŸig deaktiviert.,Ajusta la intensidad de la cÃ¡mara lenta segÃºn la fuerza del impacto. Desactivado por defecto.,Adatta l'intensitÃ  del rallentatore in base alla forza dell'impatto. Disattivato per impostazione predefinita.,Ajustar a intensidade da cÃ¢mera lenta com base na forÃ§a do impacto. Desativado por padrÃ£o.,è¡æ’ƒã®å¼·ã•ã«å¿œã˜ã¦ã‚¹ãƒ­ãƒ¼ãƒ¢ãƒ¼ã‚·ãƒ§ãƒ³ã®å¼·åº¦ã‚’èª¿æ•´ã—ã¾ã™ã€‚ãƒ‡ãƒ•ã‚©ãƒ«ãƒˆã§ã¯ã‚ªãƒ•ã«ãªã£ã¦ã„ã¾ã™ã€‚,ì¶©ê²©ë ¥ì— ë”°ë¼ ìŠ¬ë¡œìš° ëª¨ì…˜ ê°•ë„ë¥¼ ì¡°ì ˆí•©ë‹ˆë‹¤. ê¸°ë³¸ì ìœ¼ë¡œëŠ” êº¼ì ¸ ìˆìŠµë‹ˆë‹¤.,æ ¹æ®å†²å‡»åŠ›è°ƒæ•´æ…¢åŠ¨ä½œå¼ºåº¦ã€‚é»˜è®¤å…³é—­ã€‚,æ ¹æ“šè¡æ“ŠåŠ›èª¿æ•´æ…¢å‹•ä½œå¼·åº¦ã€‚é è¨­é—œé–‰ã€‚,à¸›à¸£à¸±à¸šà¸„à¸§à¸²à¸¡à¹€à¸‚à¹‰à¸¡à¸‚à¹‰à¸™à¸‚à¸­à¸‡à¸ à¸²à¸à¸ªà¹‚à¸¥à¸§à¹Œà¹‚à¸¡à¸Šà¸±à¹ˆà¸™à¸•à¸²à¸¡à¹à¸£à¸‡à¸à¸£à¸°à¹à¸—à¸ à¹‚à¸”à¸¢à¸„à¹ˆà¸²à¹€à¸£à¸´à¹ˆà¸¡à¸•à¹‰à¸™à¸ˆà¸°à¸›à¸´à¸”à¹ƒà¸Šà¹‰à¸‡à¸²à¸™à¸­à¸¢à¸¹à¹ˆ
TooltipIntensityScalingMax,Maximum multiplier at full intensity (min is always 1.0x).,"Multiplicateur maximal Ã  pleine intensitÃ© (le minimum est toujours de 1,0x).","Maximaler Multiplikator bei voller IntensitÃ¤t (Minimum ist immer 1,0x).","Multiplicador mÃ¡ximo a mÃ¡xima intensidad (el mÃ­nimo es siempre 1,0x).","Moltiplicatore massimo a piena intensitÃ  (il minimo Ã¨ sempre 1,0x).","Multiplicador mÃ¡ximo na intensidade mÃ¡xima (o mÃ­nimo Ã© sempre 1,0x).",æœ€å¤§å¼·åº¦ã§ã®æœ€å¤§ä¹—æ•° (æœ€å°ã¯å¸¸ã« 1.0 å€)ã€‚,ìµœëŒ€ ê°•ë„ì—ì„œì˜ ìµœëŒ€ ë°°ìœ¨ (ìµœì†Œê°’ì€ í•­ìƒ 1.0ë°°).,å…¨åŠŸç‡ä¸‹çš„æœ€å¤§å€ç‡ï¼ˆæœ€å°å§‹ç»ˆä¸º 1.0xï¼‰ã€‚,å…¨åŠŸç‡ä¸‹çš„æœ€å¤§å€ç‡ï¼ˆæœ€å°å§‹çµ‚ç‚º 1.0xï¼‰ã€‚,à¸•à¸±à¸§à¸„à¸¹à¸“à¸ªà¸¹à¸‡à¸ªà¸¸à¸”à¸—à¸µà¹ˆà¸„à¸§à¸²à¸¡à¹€à¸‚à¹‰à¸¡à¹€à¸•à¹‡à¸¡à¸—à¸µà¹ˆ (à¸„à¹ˆà¸²à¸•à¹ˆà¸³à¸ªà¸¸à¸”à¸„à¸·à¸­ 1.0x à¹€à¸ªà¸¡à¸­)
TooltipLastEnemyChance,Chance to trigger,Chance de dÃ©clenchement,Chance zum AuslÃ¶sen,Posibilidad de activaciÃ³n,PossibilitÃ  di innescare,Chance de ativar,ç™ºå‹•ã®ãƒãƒ£ãƒ³ã‚¹,ë°œë™ë  í™•ë¥ ,è§¦å‘å‡ ç‡,è§¸ç™¼å¹¾ç‡,à¹‚à¸­à¸à¸²à¸ªà¸—à¸µà¹ˆà¸ˆà¸°à¹€à¸à¸´à¸”à¸à¸²à¸£à¸à¸£à¸°à¸•à¸¸à¹‰à¸™
TooltipLastEnemyCooldown,Cooldown,Refroidir,Abklingzeit,Enfriarse,Raffreddare,Esfriar,ã‚¯ãƒ¼ãƒ«ãƒ€ã‚¦ãƒ³,ì¿¨ë‹¤ìš´,å†·å´,å†·å»,à¸„à¸¹à¸¥à¸”à¸²à¸§à¸™à¹Œ
TooltipLastEnemyDuration,Duration,DurÃ©e,Dauer,DuraciÃ³n,Durata,DuraÃ§Ã£o,é–“éš”,ì§€ì†,æœŸé—´,æœŸé–“,à¸£à¸°à¸¢à¸°à¹€à¸§à¸¥à¸²
TooltipLastEnemyTimeScale,Time scale,Ã‰chelle de temps,Zeitskala,Escala de tiempo,Scala temporale,Escala de tempo,æ™‚é–“ã‚¹ã‚±ãƒ¼ãƒ«,ì‹œê°„ ì²™ë„,æ—¶é—´å°ºåº¦,æ™‚é–“å°ºåº¦,à¸¡à¸²à¸•à¸£à¸²à¸ªà¹ˆà¸§à¸™à¹€à¸§à¸¥à¸²
TooltipLastEnemyTransition,Transition curve (20% of duration). Off = instant.,Courbe de transition (20 % de la durÃ©e). ArrÃªt = instantanÃ©.,Ãœbergangskurve (20 % der Dauer). Aus = sofort.,Curva de transiciÃ³n (20% de duraciÃ³n). Apagado = instantÃ¡neo.,Curva di transizione (20% della durata). Off = istantaneo.,Curva de transiÃ§Ã£o (20% da duraÃ§Ã£o). Desligado = instantÃ¢neo.,é·ç§»æ›²ç·šï¼ˆæŒç¶šæ™‚é–“ã® 20%ï¼‰ã€‚ã‚ªãƒ• = å³æ™‚ã€‚,ì „í™˜ ê³¡ì„ (ì§€ì† ì‹œê°„ì˜ 20%). êº¼ì§ = ì¦‰ì‹œ.,è¿‡æ¸¡æ›²çº¿ï¼ˆæŒç»­æ—¶é—´çš„ 20%ï¼‰ã€‚å…³é—­ = ç¬é—´ã€‚,éæ¸¡æ›²ç·šï¼ˆæŒçºŒæ™‚é–“çš„ 20%ï¼‰ã€‚é—œé–‰ = ç¬é–“ã€‚,à¹€à¸ªà¹‰à¸™à¹‚à¸„à¹‰à¸‡à¸à¸²à¸£à¹€à¸›à¸¥à¸µà¹ˆà¸¢à¸™à¸œà¹ˆà¸²à¸™ (20% à¸‚à¸­à¸‡à¸£à¸°à¸¢à¸°à¹€à¸§à¸¥à¸²) à¸›à¸´à¸” = à¸—à¸±à¸™à¸—à¸µ
TooltipLastStandCooldown,Cooldown,Refroidir,Abklingzeit,Enfriarse,Raffreddare,Esfriar,ã‚¯ãƒ¼ãƒ«ãƒ€ã‚¦ãƒ³,ì¿¨ë‹¤ìš´,å†·å´,å†·å»,à¸„à¸¹à¸¥à¸”à¸²à¸§à¸™à¹Œ
TooltipLastStandDuration,Duration,DurÃ©e,Dauer,DuraciÃ³n,Durata,DuraÃ§Ã£o,é–“éš”,ì§€ì†,æœŸé—´,æœŸé–“,à¸£à¸°à¸¢à¸°à¹€à¸§à¸¥à¸²
TooltipLastStandThreshold,Health % to trigger Last Stand,Pourcentage de points de vie nÃ©cessaire pour dÃ©clencher le dernier rempart,"Gesundheitsprozentsatz, um Letztes Gefecht auszulÃ¶sen",% de salud para activar Ãšltima resistencia,% di salute per attivare Ultima resistenza,Percentual de saÃºde necessÃ¡rio para ativar o Ãšltimo Suspiro,ãƒ©ã‚¹ãƒˆã‚¹ã‚¿ãƒ³ãƒ‰ã‚’ç™ºå‹•ã™ã‚‹ãŸã‚ã®ä½“åŠ›%,ìµœí›„ì˜ ì €í•­ì„ ë°œë™ì‹œí‚¤ë ¤ë©´ ì²´ë ¥ %ê°€ í•„ìš”í•©ë‹ˆë‹¤.,è§¦å‘â€œèƒŒæ°´ä¸€æˆ˜â€æ—¶çš„ç”Ÿå‘½å€¼ç™¾åˆ†æ¯”,è§¸ç™¼ã€ŒèƒŒæ°´ä¸€æˆ°ã€æ™‚çš„ç”Ÿå‘½å€¼ç™¾åˆ†æ¯”,à¹€à¸›à¸­à¸£à¹Œà¹€à¸‹à¹‡à¸™à¸•à¹Œà¸à¸¥à¸±à¸‡à¸Šà¸µà¸§à¸´à¸•à¸—à¸µà¹ˆà¸ˆà¸°à¹ƒà¸Šà¹‰à¹ƒà¸™à¸à¸²à¸£à¸•à¹ˆà¸­à¸ªà¸¹à¹‰à¸„à¸£à¸±à¹‰à¸‡à¸ªà¸¸à¸”à¸—à¹‰à¸²à¸¢
TooltipLastStandTimeScale,Time scale,Ã‰chelle de temps,Zeitskala,Escala de tiempo,Scala temporale,Escala de tempo,æ™‚é–“ã‚¹ã‚±ãƒ¼ãƒ«,ì‹œê°„ ì²™ë„,æ—¶é—´å°ºåº¦,æ™‚é–“å°ºåº¦,à¸¡à¸²à¸•à¸£à¸²à¸ªà¹ˆà¸§à¸™à¹€à¸§à¸¥à¸²
TooltipLastStandTransition,Transition curve (20% of duration). Off = instant.,Courbe de transition (20 % de la durÃ©e). ArrÃªt = instantanÃ©.,Ãœbergangskurve (20 % der Dauer). Aus = sofort.,Curva de transiciÃ³n (20% de duraciÃ³n). Apagado = instantÃ¡neo.,Curva di transizione (20% della durata). Off = istantaneo.,Curva de transiÃ§Ã£o (20% da duraÃ§Ã£o). Desligado = instantÃ¢neo.,é·ç§»æ›²ç·šï¼ˆæŒç¶šæ™‚é–“ã® 20%ï¼‰ã€‚ã‚ªãƒ• = å³æ™‚ã€‚,ì „í™˜ ê³¡ì„ (ì§€ì† ì‹œê°„ì˜ 20%). êº¼ì§ = ì¦‰ì‹œ.,è¿‡æ¸¡æ›²çº¿ï¼ˆæŒç»­æ—¶é—´çš„ 20%ï¼‰ã€‚å…³é—­ = ç¬é—´ã€‚,éæ¸¡æ›²ç·šï¼ˆæŒçºŒæ™‚é–“çš„ 20%ï¼‰ã€‚é—œé–‰ = ç¬é–“ã€‚,à¹€à¸ªà¹‰à¸™à¹‚à¸„à¹‰à¸‡à¸à¸²à¸£à¹€à¸›à¸¥à¸µà¹ˆà¸¢à¸™à¸œà¹ˆà¸²à¸™ (20% à¸‚à¸­à¸‡à¸£à¸°à¸¢à¸°à¹€à¸§à¸¥à¸²) à¸›à¸´à¸” = à¸—à¸±à¸™à¸—à¸µ
TooltipParryChance,Chance to trigger,Chance de dÃ©clenchement,Chance zum AuslÃ¶sen,Posibilidad de activaciÃ³n,PossibilitÃ  di innescare,Chance de ativar,ç™ºå‹•ã®ãƒãƒ£ãƒ³ã‚¹,ë°œë™ë  í™•ë¥ ,è§¦å‘å‡ ç‡,è§¸ç™¼å¹¾ç‡,à¹‚à¸­à¸à¸²à¸ªà¸—à¸µà¹ˆà¸ˆà¸°à¹€à¸à¸´à¸”à¸à¸²à¸£à¸à¸£à¸°à¸•à¸¸à¹‰à¸™
TooltipParryCooldown,Cooldown,Refroidir,Abklingzeit,Enfriarse,Raffreddare,Esfriar,ã‚¯ãƒ¼ãƒ«ãƒ€ã‚¦ãƒ³,ì¿¨ë‹¤ìš´,å†·å´,å†·å»,à¸„à¸¹à¸¥à¸”à¸²à¸§à¸™à¹Œ
TooltipParryDuration,Duration,DurÃ©e,Dauer,DuraciÃ³n,Durata,DuraÃ§Ã£o,é–“éš”,ì§€ì†,æœŸé—´,æœŸé–“,à¸£à¸°à¸¢à¸°à¹€à¸§à¸¥à¸²
TooltipParryTimeScale,Time scale,Ã‰chelle de temps,Zeitskala,Escala de tiempo,Scala temporale,Escala de tempo,æ™‚é–“ã‚¹ã‚±ãƒ¼ãƒ«,ì‹œê°„ ì²™ë„,æ—¶é—´å°ºåº¦,æ™‚é–“å°ºåº¦,à¸¡à¸²à¸•à¸£à¸²à¸ªà¹ˆà¸§à¸™à¹€à¸§à¸¥à¸²
TooltipParryTransition,Transition curve (20% of duration). Off = instant.,Courbe de transition (20 % de la durÃ©e). ArrÃªt = instantanÃ©.,Ãœbergangskurve (20 % der Dauer). Aus = sofort.,Curva de transiciÃ³n (20% de duraciÃ³n). Apagado = instantÃ¡neo.,Curva di transizione (20% della durata). Off = istantaneo.,Curva de transiÃ§Ã£o (20% da duraÃ§Ã£o). Desligado = instantÃ¢neo.,é·ç§»æ›²ç·šï¼ˆæŒç¶šæ™‚é–“ã® 20%ï¼‰ã€‚ã‚ªãƒ• = å³æ™‚ã€‚,ì „í™˜ ê³¡ì„ (ì§€ì† ì‹œê°„ì˜ 20%). êº¼ì§ = ì¦‰ì‹œ.,è¿‡æ¸¡æ›²çº¿ï¼ˆæŒç»­æ—¶é—´çš„ 20%ï¼‰ã€‚å…³é—­ = ç¬é—´ã€‚,éæ¸¡æ›²ç·šï¼ˆæŒçºŒæ™‚é–“çš„ 20%ï¼‰ã€‚é—œé–‰ = ç¬é–“ã€‚,à¹€à¸ªà¹‰à¸™à¹‚à¸„à¹‰à¸‡à¸à¸²à¸£à¹€à¸›à¸¥à¸µà¹ˆà¸¢à¸™à¸œà¹ˆà¸²à¸™ (20% à¸‚à¸­à¸‡à¸£à¸°à¸¢à¸°à¹€à¸§à¸¥à¸²) à¸›à¸´à¸” = à¸—à¸±à¸™à¸—à¸µ
TooltipPierceMultiplier,Multiplier for piercing damage (stabs). 0x disables slow-mo for this type.,Multiplicateur de dÃ©gÃ¢ts perforants (coups d'estoc). La valeur 0x dÃ©sactive le ralenti pour ce type d'attaque.,Multiplikator fÃ¼r Stichschaden. 0x deaktiviert die Zeitlupe fÃ¼r diesen Schadenstyp.,Multiplicador de daÃ±o perforante (puÃ±aladas). 0x desactiva la cÃ¡mara lenta para este tipo.,Moltiplicatore per danni perforanti (pugnalate). 0x disattiva lo slow-mo per questo tipo.,Multiplicador para dano perfurante (punhaladas). 0x desativa o modo cÃ¢mera lenta para esse tipo de dano.,è²«é€šãƒ€ãƒ¡ãƒ¼ã‚¸ï¼ˆçªãï¼‰ã®ä¹—æ•°ã€‚0x ã«ã™ã‚‹ã¨ã€ã“ã®ã‚¿ã‚¤ãƒ—ã®ã‚¹ãƒ­ãƒ¼ãƒ¢ãƒ¼ã‚·ãƒ§ãƒ³ãŒç„¡åŠ¹ã«ãªã‚Šã¾ã™ã€‚,ê´€í†µ ê³µê²©(ì°Œë¥´ê¸°) í”¼í•´ëŸ‰ ë°°ìœ¨ì…ë‹ˆë‹¤. 0xë¡œ ì„¤ì •í•˜ë©´ ì´ ìœ í˜•ì— ëŒ€í•œ ìŠ¬ë¡œìš° ëª¨ì…˜ì´ ë¹„í™œì„±í™”ë©ë‹ˆë‹¤.,ç©¿åˆºä¼¤å®³ï¼ˆåˆºå‡»ï¼‰å€ç‡ã€‚0x è¡¨ç¤ºè¯¥ç±»å‹ä¼¤å®³ä¸è§¦å‘æ…¢åŠ¨ä½œæ•ˆæœã€‚,ç©¿åˆºå‚·å®³ï¼ˆåˆºæ“Šï¼‰å€ç‡ã€‚ 0x è¡¨ç¤ºè©²é¡å‹å‚·å®³ä¸æœƒè§¸ç™¼æ…¢å‹•ä½œæ•ˆæœã€‚,à¸•à¸±à¸§à¸„à¸¹à¸“à¸ªà¸³à¸«à¸£à¸±à¸šà¸„à¸§à¸²à¸¡à¹€à¸ªà¸µà¸¢à¸«à¸²à¸¢à¸ˆà¸²à¸à¸à¸²à¸£à¹€à¸ˆà¸²à¸° (à¹à¸—à¸‡) à¸„à¹ˆà¸² 0x à¸ˆà¸°à¸›à¸´à¸”à¹ƒà¸Šà¹‰à¸‡à¸²à¸™à¸ªà¹‚à¸¥à¸§à¹Œà¹‚à¸¡à¸Šà¸±à¹ˆà¸™à¸ªà¸³à¸«à¸£à¸±à¸šà¸„à¸§à¸²à¸¡à¹€à¸ªà¸µà¸¢à¸«à¸²à¸¢à¸›à¸£à¸°à¹€à¸ à¸—à¸™à¸µà¹‰
TooltipQuickTestNow,Toggle to fire the selected trigger once,Basculer pour dÃ©clencher une seule fois la gÃ¢chette sÃ©lectionnÃ©e,"Um den ausgewÃ¤hlten Trigger einmalig auszulÃ¶sen, schalten Sie ihn um.",Alternar para disparar el disparador seleccionado una vez,Attiva/disattiva per attivare il trigger selezionato una volta,Ative para disparar o gatilho selecionado uma vez.,é¸æŠã—ãŸãƒˆãƒªã‚¬ãƒ¼ã‚’1å›ç™ºå‹•ã™ã‚‹ã‚ˆã†ã«åˆ‡ã‚Šæ›¿ãˆã¾ã™,ì„ íƒí•œ íŠ¸ë¦¬ê±°ë¥¼ í•œ ë²ˆë§Œ ë°œì‚¬í•˜ë ¤ë©´ í† ê¸€í•˜ì„¸ìš”.,åˆ‡æ¢ä»¥è§¦å‘ä¸€æ¬¡é€‰å®šçš„è§¦å‘å™¨,åˆ‡æ›ä»¥è§¸ç™¼ä¸€æ¬¡é¸å®šçš„è§¸ç™¼å™¨,à¸ªà¸¥à¸±à¸šà¹€à¸à¸·à¹ˆà¸­à¸ªà¸±à¹ˆà¸‡à¸à¸²à¸£à¸—à¸£à¸´à¸à¹€à¸à¸­à¸£à¹Œà¸—à¸µà¹ˆà¹€à¸¥à¸·à¸­à¸à¹„à¸§à¹‰à¸«à¸™à¸¶à¹ˆà¸‡à¸„à¸£à¸±à¹‰à¸‡
TooltipQuickTestTrigger,Which trigger to simulate,Quel dÃ©clencheur simuler,Welcher AuslÃ¶ser soll simuliert werden?,Â¿QuÃ© disparador simular?,Quale trigger simulare,Qual gatilho simular?,ã©ã®ãƒˆãƒªã‚¬ãƒ¼ã‚’ã‚·ãƒŸãƒ¥ãƒ¬ãƒ¼ãƒˆã™ã‚‹ã‹,ì–´ë–¤ íŠ¸ë¦¬ê±°ë¥¼ ì‹œë®¬ë ˆì´ì…˜í•  ê²ƒì¸ê°€,è¦æ¨¡æ‹Ÿå“ªä¸ªè§¦å‘å™¨,è¦æ¨¡æ“¬å“ªå€‹è§¸ç™¼å™¨,à¹ƒà¸Šà¹‰à¸—à¸£à¸´à¸à¹€à¸à¸­à¸£à¹Œà¹ƒà¸”à¹ƒà¸™à¸à¸²à¸£à¸ˆà¸³à¸¥à¸­à¸‡
TooltipSlashMultiplier,Multiplier for slashing damage (cuts). 0x disables slow-mo for this type.,Multiplicateur des dÃ©gÃ¢ts tranchants (coupures). 0x dÃ©sactive le ralenti pour ce type de dÃ©gÃ¢ts.,Multiplikator fÃ¼r Hiebschaden. 0x deaktiviert die Zeitlupe fÃ¼r diesen Schadenstyp.,Multiplicador de daÃ±o cortante (cortes). 0x deshabilita la cÃ¡mara lenta para este tipo.,Moltiplicatore per i danni da taglio (tagli). 0x disabilita lo slow-mo per questo tipo.,Multiplicador para dano cortante (cortes). 0x desativa o modo cÃ¢mera lenta para esse tipo de dano.,æ–¬æ’ƒãƒ€ãƒ¡ãƒ¼ã‚¸ï¼ˆã‚«ãƒƒãƒˆï¼‰ã®ä¹—æ•°ã€‚0x ã«ã™ã‚‹ã¨ã€ã“ã®ã‚¿ã‚¤ãƒ—ã®ã‚¹ãƒ­ãƒ¼ãƒ¢ãƒ¼ã‚·ãƒ§ãƒ³ãŒç„¡åŠ¹ã«ãªã‚Šã¾ã™ã€‚,ë² ê¸° ê³µê²©(ë² ê¸°) í”¼í•´ëŸ‰ ë°°ìœ¨ì…ë‹ˆë‹¤. 0xëŠ” ì´ ìœ í˜•ì— ëŒ€í•œ ìŠ¬ë¡œìš° ëª¨ì…˜ì„ ë¹„í™œì„±í™”í•©ë‹ˆë‹¤.,åŠˆç ä¼¤å®³å€ç‡ã€‚0x è¡¨ç¤ºè¯¥ç±»å‹ä¼¤å®³ä¸è§¦å‘æ…¢åŠ¨ä½œæ•ˆæœã€‚,åŠˆç å‚·å®³å€ç‡ã€‚ 0x è¡¨ç¤ºè©²é¡å‹å‚·å®³ä¸æœƒè§¸ç™¼æ…¢å‹•ä½œæ•ˆæœã€‚,à¸•à¸±à¸§à¸„à¸¹à¸“à¸ªà¸³à¸«à¸£à¸±à¸šà¸„à¸§à¸²à¸¡à¹€à¸ªà¸µà¸¢à¸«à¸²à¸¢à¸ˆà¸²à¸à¸à¸²à¸£à¸Ÿà¸±à¸™ (à¸à¸²à¸£à¸•à¸±à¸”) 0x à¸ˆà¸°à¸›à¸´à¸”à¹ƒà¸Šà¹‰à¸‡à¸²à¸™à¸ªà¹‚à¸¥à¸§à¹Œà¹‚à¸¡à¸Šà¸±à¹ˆà¸™à¸ªà¸³à¸«à¸£à¸±à¸šà¸„à¸§à¸²à¸¡à¹€à¸ªà¸µà¸¢à¸«à¸²à¸¢à¸›à¸£à¸°à¹€à¸ à¸—à¸™à¸µà¹‰
TooltipThrownMultiplier,"Multiplier for projectile/thrown weapon kills (daggers, arrows, spears). 0x disables slow-mo for projectile kills.","Multiplicateur pour les Ã©liminations par projectiles/armes de jet (dagues, flÃ¨ches, lances). 0x dÃ©sactive le ralenti pour les Ã©liminations par projectiles.","Multiplikator fÃ¼r Kills durch Projektile/Wurfwaffen (Dolche, Pfeile, Speere). 0x deaktiviert die Zeitlupe fÃ¼r Projektilkills.","Multiplicador de muertes por proyectiles o armas arrojadizas (dagas, flechas, lanzas). 0x desactiva la cÃ¡mara lenta para muertes por proyectiles.","Moltiplicatore per uccisioni con armi da lancio/proiettili (pugnali, frecce, lance). 0x disattiva lo slow-motion per le uccisioni con proiettili.","Multiplicador para mortes com projÃ©teis/arremessos (adagas, flechas, lanÃ§as). 0x desativa a cÃ¢mera lenta para mortes com projÃ©teis.",ç™ºå°„ç‰©/æŠ•æ“²æ­¦å™¨ï¼ˆçŸ­å‰£ã€çŸ¢ã€æ§ï¼‰ã«ã‚ˆã‚‹ã‚­ãƒ«ã®ä¹—æ•°ã€‚0x ã«ã™ã‚‹ã¨ã€ç™ºå°„ç‰©ã«ã‚ˆã‚‹ã‚­ãƒ«ã®ã‚¹ãƒ­ãƒ¼ãƒ¢ãƒ¼ã‚·ãƒ§ãƒ³ãŒç„¡åŠ¹ã«ãªã‚Šã¾ã™ã€‚,"íˆ¬ì‚¬ì²´/íˆ¬ì²™ ë¬´ê¸°(ë‹¨ê²€, í™”ì‚´, ì°½) ì²˜ì¹˜ ì‹œ ì ìš©ë˜ëŠ” ë°°ìœ¨ì…ë‹ˆë‹¤. 0xë¡œ ì„¤ì •í•˜ë©´ íˆ¬ì‚¬ì²´ ì²˜ì¹˜ ì‹œ ìŠ¬ë¡œìš° ëª¨ì…˜ì´ ë¹„í™œì„±í™”ë©ë‹ˆë‹¤.",æŠ•æ·æ­¦å™¨ï¼ˆåŒ•é¦–ã€ç®­çŸ¢ã€é•¿çŸ›ï¼‰å‡»æ€å€ç‡ã€‚0x è¡¨ç¤ºç¦ç”¨æŠ•æ·æ­¦å™¨å‡»æ€çš„æ…¢åŠ¨ä½œæ•ˆæœã€‚,æŠ•æ“²æ­¦å™¨ï¼ˆåŒ•é¦–ã€ç®­çŸ¢ã€é•·çŸ›ï¼‰æ“Šæ®ºå€ç‡ã€‚ 0x è¡¨ç¤ºç¦ç”¨æŠ•æ“²æ­¦å™¨æ“Šæ®ºçš„æ…¢å‹•ä½œæ•ˆæœã€‚,à¸•à¸±à¸§à¸„à¸¹à¸“à¸ªà¸³à¸«à¸£à¸±à¸šà¸à¸²à¸£à¸ªà¸±à¸‡à¸«à¸²à¸£à¸”à¹‰à¸§à¸¢à¸­à¸²à¸§à¸¸à¸˜à¸‚à¸§à¹‰à¸²à¸‡ (à¸¡à¸µà¸”à¸ªà¸±à¹‰à¸™ à¸¥à¸¹à¸à¸˜à¸™à¸¹ à¸«à¸­à¸) à¸„à¹ˆà¸² 0x à¸ˆà¸°à¸›à¸´à¸”à¹ƒà¸Šà¹‰à¸‡à¸²à¸™à¸ªà¹‚à¸¥à¸§à¹Œà¹‚à¸¡à¸Šà¸±à¹ˆà¸™à¸ªà¸³à¸«à¸£à¸±à¸šà¸à¸²à¸£à¸ªà¸±à¸‡à¸«à¸²à¸£à¸”à¹‰à¸§à¸¢à¸­à¸²à¸§à¸¸à¸˜à¸‚à¸§à¹‰à¸²à¸‡
TooltipTransitionPreset,"Sets per-trigger transition curve. Off = instant, Smoothstep = smooth ramp, Linear = constant rate.","DÃ©finit la courbe de transition par dÃ©clenchement. DÃ©sactivÃ© = instantanÃ©, Smoothstep = rampe progressive, LinÃ©aire = vitesse constante.","Legt die Ãœbergangskurve pro Trigger fest. Aus = sofortiger Ãœbergang, Sanfter Ãœbergang = sanfter Anstieg, Linear = konstante Anstiegsrate.","Establece la curva de transiciÃ³n por disparo. Desactivado = instantÃ¡neo, Paso suave = rampa suave, Lineal = velocidad constante.","Imposta la curva di transizione per trigger. Off = istantaneo, Smoothstep = rampa uniforme, Linear = velocitÃ  costante.","Define a curva de transiÃ§Ã£o por gatilho. Desligado = instantÃ¢neo, Passo Suave = rampa suave, Linear = taxa constante.",ãƒˆãƒªã‚¬ãƒ¼ã”ã¨ã®é·ç§»æ›²ç·šã‚’è¨­å®šã—ã¾ã™ã€‚Off = å³æ™‚ã€Smoothstep = ã‚¹ãƒ ãƒ¼ã‚ºãªå‚¾æ–œã€Linear = ä¸€å®šé€Ÿåº¦ã€‚,"íŠ¸ë¦¬ê±°ë³„ ì „í™˜ ê³¡ì„ ì„ ì„¤ì •í•©ë‹ˆë‹¤. êº¼ì§ = ì¦‰ì‹œ ì „í™˜, Smoothstep = ë¶€ë“œëŸ¬ìš´ ë¨í”„ ì „í™˜, Linear = ì¼ì •í•œ ì „í™˜ìœ¨.",è®¾ç½®æ¯æ¬¡è§¦å‘çš„è¿‡æ¸¡æ›²çº¿ã€‚å…³é—­ = ç¬æ—¶ï¼Œå¹³æ»‘æ­¥è¿› = å¹³æ»‘è¿‡æ¸¡ï¼Œçº¿æ€§ = æ’å®šé€Ÿç‡ã€‚,è¨­å®šæ¯æ¬¡è§¸ç™¼çš„éæ¸¡æ›²ç·šã€‚é—œé–‰ = ç¬æ™‚ï¼Œå¹³æ»‘æ­¥é€² = å¹³æ»‘éæ¸¡ï¼Œç·šæ€§ = æ†å®šé€Ÿç‡ã€‚,"à¸•à¸±à¹‰à¸‡à¸„à¹ˆà¸²à¹€à¸ªà¹‰à¸™à¹‚à¸„à¹‰à¸‡à¸à¸²à¸£à¹€à¸›à¸¥à¸µà¹ˆà¸¢à¸™à¸œà¹ˆà¸²à¸™à¸•à¹ˆà¸­à¸à¸²à¸£à¸à¸£à¸°à¸•à¸¸à¹‰à¸™à¹à¸•à¹ˆà¸¥à¸°à¸„à¸£à¸±à¹‰à¸‡ à¸›à¸´à¸” = à¹€à¸›à¸¥à¸µà¹ˆà¸¢à¸™à¸—à¸±à¸™à¸—à¸µ, à¸„à¹ˆà¸­à¸¢à¹€à¸›à¹‡à¸™à¸„à¹ˆà¸­à¸¢à¹„à¸› = à¹€à¸›à¸¥à¸µà¹ˆà¸¢à¸™à¸­à¸¢à¹ˆà¸²à¸‡à¸£à¸²à¸šà¸£à¸·à¹ˆà¸™, à¹€à¸Šà¸´à¸‡à¹€à¸ªà¹‰à¸™ = à¸­à¸±à¸•à¸£à¸²à¸„à¸‡à¸—à¸µà¹ˆ"
TooltipTriggerBasicKill,Trigger on any enemy kill,DÃ©clenchement Ã  chaque Ã©limination d'ennemi,Wird bei jedem Feindtod ausgelÃ¶st,Se activa al matar a cualquier enemigo.,Attivabile con qualsiasi uccisione nemica,Ativado ao eliminar qualquer inimigo,æ•µã‚’å€’ã™ã¨ç™ºå‹•,ì  ì²˜ì¹˜ ì‹œ ë°œë™,å‡»æ€ä»»ä½•æ•Œäººæ—¶è§¦å‘,æ“Šæ®ºä»»ä½•æ•µäººæ™‚è§¸ç™¼,à¸—à¸³à¸‡à¸²à¸™à¹€à¸¡à¸·à¹ˆà¸­à¸ªà¸±à¸‡à¸«à¸²à¸£à¸¨à¸±à¸•à¸£à¸¹à¹„à¸”à¹‰à¸—à¸¸à¸à¸„à¸£à¸±à¹‰à¸‡
TooltipTriggerCriticalKill,Trigger on head/throat kills,DÃ©clencheur sur la tÃªte/la gorge tue,AuslÃ¶ser am Kopf/Hals tÃ¶tet,El gatillo en la cabeza/garganta mata,Il grilletto alla testa/gola uccide,Gatilho na cabeÃ§a/garganta mata,é ­/å–‰ã‚’æ’ƒãŸã‚ŒãŸå ´åˆã®ãƒˆãƒªã‚¬ãƒ¼,ë¨¸ë¦¬ë‚˜ ëª©ì— ë°©ì•„ì‡ ë¥¼ ë‹¹ê¸°ë©´ ì‚¬ë§í•©ë‹ˆë‹¤.,å‡»ä¸­å¤´éƒ¨/å–‰å’™å³å¯è‡´æ­»,æ“Šä¸­é ­éƒ¨/å–‰åš¨å³å¯è‡´æ­»,à¸à¸²à¸£à¸¢à¸´à¸‡à¹€à¸‚à¹‰à¸²à¸—à¸µà¹ˆà¸«à¸±à¸§/à¸¥à¸³à¸„à¸­à¸ˆà¸°à¸—à¸³à¹ƒà¸«à¹‰à¸•à¸²à¸¢à¸—à¸±à¸™à¸—à¸µ
TooltipTriggerDecapitation,Trigger on decapitation,DÃ©clenchement par dÃ©capitation,AuslÃ¶ser bei Enthauptung,Gatillo de decapitaciÃ³n,Innesco alla decapitazione,Acionar ao decapitar,æ–¬é¦–ã®å¼•ãé‡‘,ì°¸ìˆ˜ ì‹œ ë°œë™,æ–©é¦–è§¦å‘,æ–¬é¦–è§¸ç™¼,à¸à¸¥à¹„à¸à¸à¸²à¸£à¸—à¸³à¸‡à¸²à¸™à¹€à¸¡à¸·à¹ˆà¸­à¸•à¸±à¸”à¸«à¸±à¸§
TooltipTriggerDismemberment,Trigger when severing limbs,DÃ©clencheur lors de l'amputation des membres,AuslÃ¶ser beim Abtrennen von GliedmaÃŸen,Gatillo al cortar extremidades,Innesco durante il taglio degli arti,Acionado ao amputar membros,æ‰‹è¶³ã‚’åˆ‡æ–­ã™ã‚‹ã¨ãã«ãƒˆãƒªã‚¬ãƒ¼,ì‚¬ì§€ ì ˆë‹¨ ì‹œ ë°œë™,è‚¢ä½“æ–­è£‚æ—¶è§¦å‘,è‚¢é«”æ–·è£‚æ™‚è§¸ç™¼,à¸à¸¥à¹„à¸à¸à¸²à¸£à¸—à¸³à¸‡à¸²à¸™à¹€à¸¡à¸·à¹ˆà¸­à¸•à¸±à¸”à¹à¸‚à¸™à¸‚à¸²
TooltipTriggerLastEnemy,Trigger when killing the final enemy of a wave,DÃ©clenchement lors de l'Ã©limination du dernier ennemi d'une vague,"Wird ausgelÃ¶st, wenn der letzte Gegner einer Welle getÃ¶tet wird.",Se activa al matar al Ãºltimo enemigo de una oleada.,Si attiva quando si uccide l'ultimo nemico di un'ondata,Ativado ao eliminar o Ãºltimo inimigo de uma onda.,ã‚¦ã‚§ãƒ¼ãƒ–ã®æœ€å¾Œã®æ•µã‚’å€’ã™ã¨ç™ºå‹•ã™ã‚‹,ì›¨ì´ë¸Œì˜ ë§ˆì§€ë§‰ ì ì„ ì²˜ì¹˜í•˜ë©´ ë°œë™ë©ë‹ˆë‹¤.,å‡»æ€ä¸€æ³¢æ•Œäººä¸­çš„æœ€åä¸€ä¸ªæ•Œäººæ—¶è§¦å‘ã€‚,æ“Šæ®ºä¸€æ³¢æ•µäººä¸­çš„æœ€å¾Œä¸€å€‹æ•µäººæ™‚è§¸ç™¼ã€‚,à¹€à¸­à¸Ÿà¹€à¸Ÿà¸à¸•à¹Œà¸ˆà¸°à¸—à¸³à¸‡à¸²à¸™à¹€à¸¡à¸·à¹ˆà¸­à¸à¸³à¸ˆà¸±à¸”à¸¨à¸±à¸•à¸£à¸¹à¸•à¸±à¸§à¸ªà¸¸à¸”à¸—à¹‰à¸²à¸¢à¸‚à¸­à¸‡à¹€à¸§à¸Ÿ
TooltipTriggerLastStand,Trigger when your health drops critically low,DÃ©clenchez-le lorsque votre santÃ© atteint un niveau critique.,"AuslÃ¶sen, wenn dein Gesundheitszustand kritisch niedrig ist",Se activa cuando tu salud cae crÃ­ticamente,Attiva quando la tua salute scende a livelli critici,Acione quando sua saÃºde cair para nÃ­veis criticamente baixos.,ä½“åŠ›ãŒæ¥µç«¯ã«ä½ä¸‹ã—ãŸã¨ãã«ç™ºå‹•ã—ã¾ã™,ì²´ë ¥ì´ ì‹¬ê°í•˜ê²Œ ë‚®ì•„ì§€ë©´ ë°œë™ë©ë‹ˆë‹¤.,å½“ä½ çš„ç”Ÿå‘½å€¼é™è‡³æä½æ—¶è§¦å‘,ç•¶ä½ çš„ç”Ÿå‘½å€¼é™è‡³æ¥µä½æ™‚è§¸ç™¼,à¸£à¸°à¸šà¸šà¸ˆà¸°à¸—à¸³à¸‡à¸²à¸™à¹€à¸¡à¸·à¹ˆà¸­à¸ªà¸¸à¸‚à¸ à¸²à¸à¸‚à¸­à¸‡à¸„à¸¸à¸“à¸¥à¸”à¸¥à¸‡à¸•à¹ˆà¸³à¸¡à¸²à¸à¸ˆà¸™à¸­à¸¢à¸¹à¹ˆà¹ƒà¸™à¹€à¸à¸“à¸‘à¹Œà¸§à¸´à¸à¸¤à¸•
TooltipTriggerParry,Trigger on successful weapon deflections,DÃ©clenchement en cas de dÃ©viation rÃ©ussie de l'arme,AuslÃ¶ser bei erfolgreicher Waffenabwehr,Disparador en desvÃ­os de armas exitosos,Attivazione in caso di deviazioni dell'arma riuscite,Acionar em caso de desvio bem-sucedido da arma,æ­¦å™¨ã®åå‘ã«æˆåŠŸã—ãŸã¨ãã«ç™ºå‹•ã™ã‚‹,ë¬´ê¸° ë°©ì–´ ì„±ê³µ ì‹œ ë°œë™,æˆåŠŸåè½¬æ­¦å™¨æ—¶è§¦å‘,æˆåŠŸåè½‰æ­¦å™¨æ™‚è§¸ç™¼,à¸—à¸£à¸´à¸à¹€à¸à¸­à¸£à¹Œà¹€à¸¡à¸·à¹ˆà¸­à¸›à¹‰à¸­à¸‡à¸à¸±à¸™à¸­à¸²à¸§à¸¸à¸˜à¹„à¸”à¹‰à¸ªà¸³à¹€à¸£à¹‡à¸ˆ
TooltipTriggerProfile,Which triggers are active. Selecting a profile updates the per-trigger toggles.,Quels dÃ©clencheurs sont actifsÂ ? La sÃ©lection dâ€™un profil met Ã  jour les options dâ€™activation/dÃ©sactivation de chaque dÃ©clencheur.,Welche Trigger sind aktiv? Durch die Auswahl eines Profils werden die Schalter fÃ¼r die einzelnen Trigger aktualisiert.,"QuÃ© activadores estÃ¡n activos. Al seleccionar un perfil, se actualizan los interruptores de cada activador.",Quali trigger sono attivi? Selezionando un profilo si aggiornano i toggle per trigger.,Quais gatilhos estÃ£o ativos? Selecionar um perfil atualiza as opÃ§Ãµes de ativaÃ§Ã£o/desativaÃ§Ã£o de cada gatilho.,ã‚¢ã‚¯ãƒ†ã‚£ãƒ–ãªãƒˆãƒªã‚¬ãƒ¼ã€‚ãƒ—ãƒ­ãƒ•ã‚¡ã‚¤ãƒ«ã‚’é¸æŠã™ã‚‹ã¨ã€ãƒˆãƒªã‚¬ãƒ¼ã”ã¨ã®ãƒˆã‚°ãƒ«ãŒæ›´æ–°ã•ã‚Œã¾ã™ã€‚,ì–´ë–¤ íŠ¸ë¦¬ê±°ê°€ í™œì„±í™”ë˜ì–´ ìˆëŠ”ì§€ ë³´ì—¬ì¤ë‹ˆë‹¤. í”„ë¡œí•„ì„ ì„ íƒí•˜ë©´ íŠ¸ë¦¬ê±°ë³„ í† ê¸€ì´ ì—…ë°ì´íŠ¸ë©ë‹ˆë‹¤.,å“ªäº›è§¦å‘å™¨å¤„äºæ¿€æ´»çŠ¶æ€ï¼Ÿé€‰æ‹©é…ç½®æ–‡ä»¶ä¼šæ›´æ–°æ¯ä¸ªè§¦å‘å™¨çš„åˆ‡æ¢è®¾ç½®ã€‚,å“ªäº›è§¸ç™¼å™¨è™•æ–¼å•Ÿå‹•ç‹€æ…‹ï¼Ÿé¸æ“‡è¨­å®šæª”æœƒæ›´æ–°æ¯å€‹è§¸ç™¼å™¨çš„åˆ‡æ›è¨­å®šã€‚,à¸•à¸±à¸§à¸à¸£à¸°à¸•à¸¸à¹‰à¸™à¹ƒà¸”à¸šà¹‰à¸²à¸‡à¸—à¸µà¹ˆà¹€à¸›à¸´à¸”à¹ƒà¸Šà¹‰à¸‡à¸²à¸™ à¸à¸²à¸£à¹€à¸¥à¸·à¸­à¸à¹‚à¸›à¸£à¹„à¸Ÿà¸¥à¹Œà¸ˆà¸°à¸­à¸±à¸›à¹€à¸”à¸•à¸•à¸±à¸§à¹€à¸¥à¸·à¸­à¸à¸ªà¸³à¸«à¸£à¸±à¸šà¹à¸•à¹ˆà¸¥à¸°à¸•à¸±à¸§à¸à¸£à¸°à¸•à¸¸à¹‰à¸™
TransitionLinear,Linear,LinÃ©aire,Linear,Lineal,Lineare,Linear,ãƒªãƒ‹ã‚¢,ì„ ì˜,çº¿æ€§,ç·šæ€§,à¹€à¸Šà¸´à¸‡à¹€à¸ªà¹‰à¸™
TransitionOff,Off (Instant),Ã‰teint (instantanÃ©),Aus (sofort),Apagado (instantÃ¡neo),Spento (istantaneo),Desligado (InstantÃ¢neo),ã‚ªãƒ•ï¼ˆå³æ™‚ï¼‰,êº¼ì§(ì¦‰ì‹œ),å…³é—­ï¼ˆå³æ—¶ï¼‰,é—œé–‰ï¼ˆå³æ™‚ï¼‰,à¸›à¸´à¸” (à¸—à¸±à¸™à¸—à¸µ)
TransitionSmoothstep,Smoothstep,Smoothstep,Smoothstep,Paso suave,Passo liscio,Passo suave,ã‚¹ãƒ ãƒ¼ã‚ºã‚¹ãƒ†ãƒƒãƒ—,ìŠ¤ë¬´ìŠ¤ìŠ¤í…,Smoothstep,Smoothstep,à¸ªà¸¡à¸¹à¸—à¸ªà¹€à¸•à¹‡à¸›
TriggerBasicKill,Basic Kill,Tuer de base,Standardkill,Muerte bÃ¡sica,Uccisione di base,EliminaÃ§Ã£o BÃ¡sica,åŸºæœ¬çš„ãªã‚­ãƒ«,ê¸°ë³¸ ì²˜ì¹˜,åŸºæœ¬å‡»æ€,åŸºæœ¬æ“Šæ®º,à¸à¸²à¸£à¸ªà¸±à¸‡à¸«à¸²à¸£à¸‚à¸±à¹‰à¸™à¸à¸·à¹‰à¸™à¸à¸²à¸™
TriggerCriticalKill,Critical Kill,Coup critique,Kritischer Kill,Muerte crÃ­tica,Uccisione critica,Morte CrÃ­tica,ã‚¯ãƒªãƒ†ã‚£ã‚«ãƒ«ã‚­ãƒ«,ì¹˜ëª…íƒ€,è‡´å‘½ä¸€å‡»,è‡´å‘½ä¸€æ“Š,à¸„à¸£à¸´à¸•à¸´à¸„à¸­à¸¥ à¸„à¸´à¸¥à¸¥à¹Œ
TriggerDecapitation,Decapitation,DÃ©capitation,Enthauptung,DecapitaciÃ³n,Decapitazione,DecapitaÃ§Ã£o,æ–¬é¦–,ì°¸ìˆ˜,æ–©é¦–,æ–¬é¦–,à¸à¸²à¸£à¸•à¸±à¸”à¸«à¸±à¸§
TriggerDismemberment,Dismemberment,DÃ©membrement,ZerstÃ¼ckelung,Desmembramiento,Smembramento,Desmembramento,åˆ‡æ–­,ì ˆë‹¨,è‚¢è§£,è‚¢è§£,à¸à¸²à¸£à¹à¸¢à¸à¸Šà¸´à¹‰à¸™à¸ªà¹ˆà¸§à¸™
TriggerLastEnemy,Last Enemy,Dernier ennemi,Letzter Feind,Ãšltimo enemigo,Ultimo nemico,Ãšltimo Inimigo,æœ€å¾Œã®æ•µ,ë§ˆì§€ë§‰ ì ,æœ€åæ•Œäºº,æœ€å¾Œæ•µäºº,à¸¨à¸±à¸•à¸£à¸¹à¸ªà¸¸à¸”à¸—à¹‰à¸²à¸¢
TriggerLastStand,Last Stand,Dernier combat,Letzter Stand,Ãšltima resistencia,Ultimo atto,Ãšltima posiÃ§Ã£o,æœ€å¾Œã®ç ¦,ìµœí›„ì˜ ì €í•­,æœ€åä¸€ç«™,æœ€å¾Œä¸€ç«™,à¸à¸²à¸£à¸•à¹ˆà¸­à¸ªà¸¹à¹‰à¸„à¸£à¸±à¹‰à¸‡à¸ªà¸¸à¸”à¸—à¹‰à¸²à¸¢
TriggerParry,Parry,Parer,Parieren,Parar,Parare,Parry,ãƒ‘ãƒªãƒ¼,íŒ¨ë¦¬,æ ¼æŒ¡,æ ¼æ“‹,à¹à¸à¸£à¹Œà¸£à¸µà¹ˆ
